page,viewport,size,status,innerWidth,scrollWidth,overflow,headerVisible,logoVisible,callVisible,quoteVisible,h1Visible,heroOverlayOpacity,note
/,mobile-390,390x844,200,390,390,false,true,true,true,true,true,0,PASS
/emergency-electrician-sydney/,mobile-390,390x844,200,390,390,false,true,true,true,true,true,,PASS
/level-2-electrician-sydney/,mobile-390,390x844,200,390,390,false,true,true,true,true,true,,PASS
/services/,mobile-390,390x844,200,390,390,false,true,true,true,true,true,,PASS
/service-areas/,mobile-390,390x844,200,390,390,false,true,true,true,true,true,,PASS
/services/hot-water-system-electrician-sydney/,mobile-390,390x844,200,390,390,false,true,true,true,true,true,,PASS
/services/split-system-air-conditioning-sydney/,mobile-390,390x844,200,390,390,false,true,true,true,true,true,,PASS
/privacy-policy/,mobile-390,390x844,200,390,390,false,true,true,true,true,true,,PASS
/terms/,mobile-390,390x844,200,390,390,false,true,true,true,true,true,,PASS
/,mobile-430,430x932,200,430,430,false,true,true,true,true,true,0,PASS
/emergency-electrician-sydney/,mobile-430,430x932,200,430,430,false,true,true,true,true,true,,PASS
/level-2-electrician-sydney/,mobile-430,430x932,200,430,430,false,true,true,true,true,true,,PASS
/services/,mobile-430,430x932,200,430,430,false,true,true,true,true,true,,PASS
/service-areas/,mobile-430,430x932,200,430,430,false,true,true,true,true,true,,PASS
/services/hot-water-system-electrician-sydney/,mobile-430,430x932,200,430,430,false,true,true,true,true,true,,PASS
/services/split-system-air-conditioning-sydney/,mobile-430,430x932,200,430,430,false,true,true,true,true,true,,PASS
/privacy-policy/,mobile-430,430x932,200,430,430,false,true,true,true,true,true,,PASS
/terms/,mobile-430,430x932,200,430,430,false,true,true,true,true,true,,PASS
/,tablet-820,820x1180,200,820,820,false,true,true,true,true,true,0,PASS
/emergency-electrician-sydney/,tablet-820,820x1180,200,820,820,false,true,true,true,true,true,,PASS
/level-2-electrician-sydney/,tablet-820,820x1180,200,820,820,false,true,true,true,true,true,,PASS
/services/,tablet-820,820x1180,200,820,820,false,true,true,true,true,true,,PASS
/service-areas/,tablet-820,820x1180,200,820,820,false,true,true,true,true,true,,PASS
/services/hot-water-system-electrician-sydney/,tablet-820,820x1180,200,820,820,false,true,true,true,true,true,,PASS
/services/split-system-air-conditioning-sydney/,tablet-820,820x1180,200,820,820,false,true,true,true,true,true,,PASS
/privacy-policy/,tablet-820,820x1180,200,820,820,false,true,true,true,true,true,,PASS
/terms/,tablet-820,820x1180,200,820,820,false,true,true,true,true,true,,PASS
/,laptop-1366,1366x768,200,1366,1366,false,true,true,true,true,true,0,PASS
/emergency-electrician-sydney/,laptop-1366,1366x768,200,1366,1366,false,true,true,true,true,true,,PASS
/level-2-electrician-sydney/,laptop-1366,1366x768,200,1366,1366,false,true,true,true,true,true,,PASS
/services/,laptop-1366,1366x768,200,1366,1366,false,true,true,true,true,true,,PASS
/service-areas/,laptop-1366,1366x768,200,1366,1366,false,true,true,true,true,true,,PASS
/services/hot-water-system-electrician-sydney/,laptop-1366,1366x768,200,1366,1366,false,true,true,true,true,true,,PASS
/services/split-system-air-conditioning-sydney/,laptop-1366,1366x768,200,1366,1366,false,true,true,true,true,true,,PASS
/privacy-policy/,laptop-1366,1366x768,200,1366,1366,false,true,true,true,true,true,,PASS
/terms/,laptop-1366,1366x768,200,1366,1366,false,true,true,true,true,true,,PASS
/,desktop-1920,1920x1080,200,1920,1920,false,true,true,true,true,true,0,PASS
/emergency-electrician-sydney/,desktop-1920,1920x1080,200,1920,1920,false,true,true,true,true,true,,PASS
/level-2-electrician-sydney/,desktop-1920,1920x1080,200,1920,1920,false,true,true,true,true,true,,PASS
/services/,desktop-1920,1920x1080,200,1920,1920,false,true,true,true,true,true,,PASS
/service-areas/,desktop-1920,1920x1080,200,1920,1920,false,true,true,true,true,true,,PASS
/services/hot-water-system-electrician-sydney/,desktop-1920,1920x1080,200,1920,1920,false,true,true,true,true,true,,PASS
/services/split-system-air-conditioning-sydney/,desktop-1920,1920x1080,200,1920,1920,false,true,true,true,true,true,,PASS
/privacy-policy/,desktop-1920,1920x1080,200,1920,1920,false,true,true,true,true,true,,PASS
/terms/,desktop-1920,1920x1080,200,1920,1920,false,true,true,true,true,true,,PASS