pageName,route,viewport,pass,callAccessible,quoteAccessible,status,overflow,headerFits,headerVisible,h1Visible,headerCallVisible,headerQuoteVisible,stickyCallVisible,stickyQuoteVisible,imageVisible,imageFilter,imageOpacity,imageBlend,imageMask,heroBeforeDisplay,heroBeforeContent,heroAfterDisplay,heroAfterContent,menuButtonVisible,scrollWorks,cssLoads,menuOpens
"home","/","360x800",true,true,true,200,0,true,true,true,false,false,true,true,true,"none","1","normal","none","none","none","none","none",true,true,true,true
"home","/","375x812",true,true,true,200,0,true,true,true,false,false,true,true,true,"none","1","normal","none","none","none","none","none",true,true,true,true
"home","/","390x844",true,true,true,200,0,true,true,true,false,false,true,true,true,"none","1","normal","none","none","none","none","none",true,true,true,true
"home","/","412x915",true,true,true,200,0,true,true,true,false,false,true,true,true,"none","1","normal","none","none","none","none","none",true,true,true,true
"home","/","430x932",true,true,true,200,0,true,true,true,false,false,true,true,true,"none","1","normal","none","none","none","none","none",true,true,true,true
"home","/","768x1024",true,true,true,200,0,true,true,true,true,true,false,false,true,"none","1","normal","none","none","none","none","none",true,true,true,"n/a"
"home","/","820x1180",true,true,true,200,0,true,true,true,true,true,false,false,true,"none","1","normal","none","none","none","none","none",true,true,true,"n/a"
"home","/","834x1194",true,true,true,200,0,true,true,true,true,true,false,false,true,"none","1","normal","none","none","none","none","none",true,true,true,"n/a"
"home","/","912x1368",true,true,true,200,0,true,true,true,true,true,false,false,true,"none","1","normal","none","none","none","none","none",true,true,true,"n/a"
"home","/","1024x1366",true,true,true,200,0,true,true,true,true,true,false,false,true,"none","1","normal","none","none","none","none","none",true,true,true,"n/a"
"home","/","1024x768",true,true,true,200,0,true,true,true,true,true,false,false,true,"none","1","normal","none","none","none","none","none",true,true,true,"n/a"
"home","/","1180x820",true,true,true,200,0,true,true,true,true,true,false,false,true,"none","1","normal","none","none","none","none","none",true,true,true,"n/a"
"home","/","1280x720",true,true,true,200,0,true,true,true,true,true,false,false,true,"none","1","normal","none","none","none","none","none",true,true,true,"n/a"
"home","/","1366x768",true,true,true,200,0,true,true,true,true,true,false,false,true,"none","1","normal","none","none","none","none","none",true,true,true,"n/a"
"home","/","1440x900",true,true,true,200,0,true,true,true,true,true,false,false,true,"none","1","normal","none","none","none","none","none",true,true,true,"n/a"
"home","/","1536x864",true,true,true,200,0,true,true,true,true,true,false,false,true,"none","1","normal","none","none","none","none","none",true,true,true,"n/a"
"home","/","1600x900",true,true,true,200,0,true,true,true,true,true,false,false,true,"none","1","normal","none","none","none","none","none",false,true,true,"n/a"
"home","/","1920x1080",true,true,true,200,0,true,true,true,true,true,false,false,true,"none","1","normal","none","none","none","none","none",false,true,true,"n/a"
"emergency","/emergency-electrician-sydney/","360x800",true,true,true,200,0,true,true,true,false,false,true,true,true,"none","1","normal","none","none","none","none","none",true,true,true,true
"emergency","/emergency-electrician-sydney/","375x812",true,true,true,200,0,true,true,true,false,false,true,true,true,"none","1","normal","none","none","none","none","none",true,true,true,true
"emergency","/emergency-electrician-sydney/","390x844",true,true,true,200,0,true,true,true,false,false,true,true,true,"none","1","normal","none","none","none","none","none",true,true,true,true
"emergency","/emergency-electrician-sydney/","412x915",true,true,true,200,0,true,true,true,false,false,true,true,true,"none","1","normal","none","none","none","none","none",true,true,true,true
"emergency","/emergency-electrician-sydney/","430x932",true,true,true,200,0,true,true,true,false,false,true,true,true,"none","1","normal","none","none","none","none","none",true,true,true,true
"emergency","/emergency-electrician-sydney/","768x1024",true,true,true,200,0,true,true,true,true,true,false,false,true,"none","1","normal","none","none","none","none","none",true,true,true,"n/a"
"emergency","/emergency-electrician-sydney/","820x1180",true,true,true,200,0,true,true,true,true,true,false,false,true,"none","1","normal","none","none","none","none","none",true,true,true,"n/a"
"emergency","/emergency-electrician-sydney/","834x1194",true,true,true,200,0,true,true,true,true,true,false,false,true,"none","1","normal","none","none","none","none","none",true,true,true,"n/a"
"emergency","/emergency-electrician-sydney/","912x1368",true,true,true,200,0,true,true,true,true,true,false,false,true,"none","1","normal","none","none","none","none","none",true,true,true,"n/a"
"emergency","/emergency-electrician-sydney/","1024x1366",true,true,true,200,0,true,true,true,true,true,false,false,true,"none","1","normal","none","none","none","none","none",true,true,true,"n/a"
"emergency","/emergency-electrician-sydney/","1024x768",true,true,true,200,0,true,true,true,true,true,false,false,true,"none","1","normal","none","none","none","none","none",true,true,true,"n/a"
"emergency","/emergency-electrician-sydney/","1180x820",true,true,true,200,0,true,true,true,true,true,false,false,true,"none","1","normal","none","none","none","none","none",true,true,true,"n/a"
"emergency","/emergency-electrician-sydney/","1280x720",true,true,true,200,0,true,true,true,true,true,false,false,true,"none","1","normal","none","none","none","none","none",true,true,true,"n/a"
"emergency","/emergency-electrician-sydney/","1366x768",true,true,true,200,0,true,true,true,true,true,false,false,true,"none","1","normal","none","none","none","none","none",true,true,true,"n/a"
"emergency","/emergency-electrician-sydney/","1440x900",true,true,true,200,0,true,true,true,true,true,false,false,true,"none","1","normal","none","none","none","none","none",true,true,true,"n/a"
"emergency","/emergency-electrician-sydney/","1536x864",true,true,true,200,0,true,true,true,true,true,false,false,true,"none","1","normal","none","none","none","none","none",true,true,true,"n/a"
"emergency","/emergency-electrician-sydney/","1600x900",true,true,true,200,0,true,true,true,true,true,false,false,true,"none","1","normal","none","none","none","none","none",false,true,true,"n/a"
"emergency","/emergency-electrician-sydney/","1920x1080",true,true,true,200,0,true,true,true,true,true,false,false,true,"none","1","normal","none","none","none","none","none",false,true,true,"n/a"
"level2","/level-2-electrician-sydney/","360x800",true,true,true,200,0,true,true,true,false,false,true,true,true,"none","1","normal","none","none","none","none","none",true,true,true,true
"level2","/level-2-electrician-sydney/","375x812",true,true,true,200,0,true,true,true,false,false,true,true,true,"none","1","normal","none","none","none","none","none",true,true,true,true
"level2","/level-2-electrician-sydney/","390x844",true,true,true,200,0,true,true,true,false,false,true,true,true,"none","1","normal","none","none","none","none","none",true,true,true,true
"level2","/level-2-electrician-sydney/","412x915",true,true,true,200,0,true,true,true,false,false,true,true,true,"none","1","normal","none","none","none","none","none",true,true,true,true
"level2","/level-2-electrician-sydney/","430x932",true,true,true,200,0,true,true,true,false,false,true,true,true,"none","1","normal","none","none","none","none","none",true,true,true,true
"level2","/level-2-electrician-sydney/","768x1024",true,true,true,200,0,true,true,true,true,true,false,false,true,"none","1","normal","none","none","none","none","none",true,true,true,"n/a"
"level2","/level-2-electrician-sydney/","820x1180",true,true,true,200,0,true,true,true,true,true,false,false,true,"none","1","normal","none","none","none","none","none",true,true,true,"n/a"
"level2","/level-2-electrician-sydney/","834x1194",true,true,true,200,0,true,true,true,true,true,false,false,true,"none","1","normal","none","none","none","none","none",true,true,true,"n/a"
"level2","/level-2-electrician-sydney/","912x1368",true,true,true,200,0,true,true,true,true,true,false,false,true,"none","1","normal","none","none","none","none","none",true,true,true,"n/a"
"level2","/level-2-electrician-sydney/","1024x1366",true,true,true,200,0,true,true,true,true,true,false,false,true,"none","1","normal","none","none","none","none","none",true,true,true,"n/a"
"level2","/level-2-electrician-sydney/","1024x768",true,true,true,200,0,true,true,true,true,true,false,false,true,"none","1","normal","none","none","none","none","none",true,true,true,"n/a"
"level2","/level-2-electrician-sydney/","1180x820",true,true,true,200,0,true,true,true,true,true,false,false,true,"none","1","normal","none","none","none","none","none",true,true,true,"n/a"
"level2","/level-2-electrician-sydney/","1280x720",true,true,true,200,0,true,true,true,true,true,false,false,true,"none","1","normal","none","none","none","none","none",true,true,true,"n/a"
"level2","/level-2-electrician-sydney/","1366x768",true,true,true,200,0,true,true,true,true,true,false,false,true,"none","1","normal","none","none","none","none","none",true,true,true,"n/a"
"level2","/level-2-electrician-sydney/","1440x900",true,true,true,200,0,true,true,true,true,true,false,false,true,"none","1","normal","none","none","none","none","none",true,true,true,"n/a"
"level2","/level-2-electrician-sydney/","1536x864",true,true,true,200,0,true,true,true,true,true,false,false,true,"none","1","normal","none","none","none","none","none",true,true,true,"n/a"
"level2","/level-2-electrician-sydney/","1600x900",true,true,true,200,0,true,true,true,true,true,false,false,true,"none","1","normal","none","none","none","none","none",false,true,true,"n/a"
"level2","/level-2-electrician-sydney/","1920x1080",true,true,true,200,0,true,true,true,true,true,false,false,true,"none","1","normal","none","none","none","none","none",false,true,true,"n/a"
"services","/services/","360x800",true,true,true,200,0,true,true,true,false,false,true,true,true,"none","1","normal","none","none","none","none","none",true,true,true,true
"services","/services/","375x812",true,true,true,200,0,true,true,true,false,false,true,true,true,"none","1","normal","none","none","none","none","none",true,true,true,true
"services","/services/","390x844",true,true,true,200,0,true,true,true,false,false,true,true,true,"none","1","normal","none","none","none","none","none",true,true,true,true
"services","/services/","412x915",true,true,true,200,0,true,true,true,false,false,true,true,true,"none","1","normal","none","none","none","none","none",true,true,true,true
"services","/services/","430x932",true,true,true,200,0,true,true,true,false,false,true,true,true,"none","1","normal","none","none","none","none","none",true,true,true,true
"services","/services/","768x1024",true,true,true,200,0,true,true,true,true,true,false,false,true,"none","1","normal","none","none","none","none","none",true,true,true,"n/a"
"services","/services/","820x1180",true,true,true,200,0,true,true,true,true,true,false,false,true,"none","1","normal","none","none","none","none","none",true,true,true,"n/a"
"services","/services/","834x1194",true,true,true,200,0,true,true,true,true,true,false,false,true,"none","1","normal","none","none","none","none","none",true,true,true,"n/a"
"services","/services/","912x1368",true,true,true,200,0,true,true,true,true,true,false,false,true,"none","1","normal","none","none","none","none","none",true,true,true,"n/a"
"services","/services/","1024x1366",true,true,true,200,0,true,true,true,true,true,false,false,true,"none","1","normal","none","none","none","none","none",true,true,true,"n/a"
"services","/services/","1024x768",true,true,true,200,0,true,true,true,true,true,false,false,true,"none","1","normal","none","none","none","none","none",true,true,true,"n/a"
"services","/services/","1180x820",true,true,true,200,0,true,true,true,true,true,false,false,true,"none","1","normal","none","none","none","none","none",true,true,true,"n/a"
"services","/services/","1280x720",true,true,true,200,0,true,true,true,true,true,false,false,true,"none","1","normal","none","none","none","none","none",true,true,true,"n/a"
"services","/services/","1366x768",true,true,true,200,0,true,true,true,true,true,false,false,true,"none","1","normal","none","none","none","none","none",true,true,true,"n/a"
"services","/services/","1440x900",true,true,true,200,0,true,true,true,true,true,false,false,true,"none","1","normal","none","none","none","none","none",true,true,true,"n/a"
"services","/services/","1536x864",true,true,true,200,0,true,true,true,true,true,false,false,true,"none","1","normal","none","none","none","none","none",true,true,true,"n/a"
"services","/services/","1600x900",true,true,true,200,0,true,true,true,true,true,false,false,true,"none","1","normal","none","none","none","none","none",false,true,true,"n/a"
"services","/services/","1920x1080",true,true,true,200,0,true,true,true,true,true,false,false,true,"none","1","normal","none","none","none","none","none",false,true,true,"n/a"
"service-areas","/service-areas/","360x800",true,true,true,200,0,true,true,true,false,false,true,true,true,"none","1","normal","none","none","none","none","none",true,true,true,true
"service-areas","/service-areas/","375x812",true,true,true,200,0,true,true,true,false,false,true,true,true,"none","1","normal","none","none","none","none","none",true,true,true,true
"service-areas","/service-areas/","390x844",true,true,true,200,0,true,true,true,false,false,true,true,true,"none","1","normal","none","none","none","none","none",true,true,true,true
"service-areas","/service-areas/","412x915",true,true,true,200,0,true,true,true,false,false,true,true,true,"none","1","normal","none","none","none","none","none",true,true,true,true
"service-areas","/service-areas/","430x932",true,true,true,200,0,true,true,true,false,false,true,true,true,"none","1","normal","none","none","none","none","none",true,true,true,true
"service-areas","/service-areas/","768x1024",true,true,true,200,0,true,true,true,true,true,false,false,true,"none","1","normal","none","none","none","none","none",true,true,true,"n/a"
"service-areas","/service-areas/","820x1180",true,true,true,200,0,true,true,true,true,true,false,false,true,"none","1","normal","none","none","none","none","none",true,true,true,"n/a"
"service-areas","/service-areas/","834x1194",true,true,true,200,0,true,true,true,true,true,false,false,true,"none","1","normal","none","none","none","none","none",true,true,true,"n/a"
"service-areas","/service-areas/","912x1368",true,true,true,200,0,true,true,true,true,true,false,false,true,"none","1","normal","none","none","none","none","none",true,true,true,"n/a"
"service-areas","/service-areas/","1024x1366",true,true,true,200,0,true,true,true,true,true,false,false,true,"none","1","normal","none","none","none","none","none",true,true,true,"n/a"
"service-areas","/service-areas/","1024x768",true,true,true,200,0,true,true,true,true,true,false,false,true,"none","1","normal","none","none","none","none","none",true,true,true,"n/a"
"service-areas","/service-areas/","1180x820",true,true,true,200,0,true,true,true,true,true,false,false,true,"none","1","normal","none","none","none","none","none",true,true,true,"n/a"
"service-areas","/service-areas/","1280x720",true,true,true,200,0,true,true,true,true,true,false,false,true,"none","1","normal","none","none","none","none","none",true,true,true,"n/a"
"service-areas","/service-areas/","1366x768",true,true,true,200,0,true,true,true,true,true,false,false,true,"none","1","normal","none","none","none","none","none",true,true,true,"n/a"
"service-areas","/service-areas/","1440x900",true,true,true,200,0,true,true,true,true,true,false,false,true,"none","1","normal","none","none","none","none","none",true,true,true,"n/a"
"service-areas","/service-areas/","1536x864",true,true,true,200,0,true,true,true,true,true,false,false,true,"none","1","normal","none","none","none","none","none",true,true,true,"n/a"
"service-areas","/service-areas/","1600x900",true,true,true,200,0,true,true,true,true,true,false,false,true,"none","1","normal","none","none","none","none","none",false,true,true,"n/a"
"service-areas","/service-areas/","1920x1080",true,true,true,200,0,true,true,true,true,true,false,false,true,"none","1","normal","none","none","none","none","none",false,true,true,"n/a"
"hot-water","/services/hot-water-system-electrician-sydney/","360x800",true,true,true,200,0,true,true,true,false,false,true,true,true,"none","1","normal","none","none","none","none","none",true,true,true,true
"hot-water","/services/hot-water-system-electrician-sydney/","375x812",true,true,true,200,0,true,true,true,false,false,true,true,true,"none","1","normal","none","none","none","none","none",true,true,true,true
"hot-water","/services/hot-water-system-electrician-sydney/","390x844",true,true,true,200,0,true,true,true,false,false,true,true,true,"none","1","normal","none","none","none","none","none",true,true,true,true
"hot-water","/services/hot-water-system-electrician-sydney/","412x915",true,true,true,200,0,true,true,true,false,false,true,true,true,"none","1","normal","none","none","none","none","none",true,true,true,true
"hot-water","/services/hot-water-system-electrician-sydney/","430x932",true,true,true,200,0,true,true,true,false,false,true,true,true,"none","1","normal","none","none","none","none","none",true,true,true,true
"hot-water","/services/hot-water-system-electrician-sydney/","768x1024",true,true,true,200,0,true,true,true,true,true,false,false,true,"none","1","normal","none","none","none","none","none",true,true,true,"n/a"
"hot-water","/services/hot-water-system-electrician-sydney/","820x1180",true,true,true,200,0,true,true,true,true,true,false,false,true,"none","1","normal","none","none","none","none","none",true,true,true,"n/a"
"hot-water","/services/hot-water-system-electrician-sydney/","834x1194",true,true,true,200,0,true,true,true,true,true,false,false,true,"none","1","normal","none","none","none","none","none",true,true,true,"n/a"
"hot-water","/services/hot-water-system-electrician-sydney/","912x1368",true,true,true,200,0,true,true,true,true,true,false,false,true,"none","1","normal","none","none","none","none","none",true,true,true,"n/a"
"hot-water","/services/hot-water-system-electrician-sydney/","1024x1366",true,true,true,200,0,true,true,true,true,true,false,false,true,"none","1","normal","none","none","none","none","none",true,true,true,"n/a"
"hot-water","/services/hot-water-system-electrician-sydney/","1024x768",true,true,true,200,0,true,true,true,true,true,false,false,true,"none","1","normal","none","none","none","none","none",true,true,true,"n/a"
"hot-water","/services/hot-water-system-electrician-sydney/","1180x820",true,true,true,200,0,true,true,true,true,true,false,false,true,"none","1","normal","none","none","none","none","none",true,true,true,"n/a"
"hot-water","/services/hot-water-system-electrician-sydney/","1280x720",true,true,true,200,0,true,true,true,true,true,false,false,true,"none","1","normal","none","none","none","none","none",true,true,true,"n/a"
"hot-water","/services/hot-water-system-electrician-sydney/","1366x768",true,true,true,200,0,true,true,true,true,true,false,false,true,"none","1","normal","none","none","none","none","none",true,true,true,"n/a"
"hot-water","/services/hot-water-system-electrician-sydney/","1440x900",true,true,true,200,0,true,true,true,true,true,false,false,true,"none","1","normal","none","none","none","none","none",true,true,true,"n/a"
"hot-water","/services/hot-water-system-electrician-sydney/","1536x864",true,true,true,200,0,true,true,true,true,true,false,false,true,"none","1","normal","none","none","none","none","none",true,true,true,"n/a"
"hot-water","/services/hot-water-system-electrician-sydney/","1600x900",true,true,true,200,0,true,true,true,true,true,false,false,true,"none","1","normal","none","none","none","none","none",false,true,true,"n/a"
"hot-water","/services/hot-water-system-electrician-sydney/","1920x1080",true,true,true,200,0,true,true,true,true,true,false,false,true,"none","1","normal","none","none","none","none","none",false,true,true,"n/a"
"aircon","/services/split-system-air-conditioning-sydney/","360x800",true,true,true,200,0,true,true,true,false,false,true,true,true,"none","1","normal","none","none","none","none","none",true,true,true,true
"aircon","/services/split-system-air-conditioning-sydney/","375x812",true,true,true,200,0,true,true,true,false,false,true,true,true,"none","1","normal","none","none","none","none","none",true,true,true,true
"aircon","/services/split-system-air-conditioning-sydney/","390x844",true,true,true,200,0,true,true,true,false,false,true,true,true,"none","1","normal","none","none","none","none","none",true,true,true,true
"aircon","/services/split-system-air-conditioning-sydney/","412x915",true,true,true,200,0,true,true,true,false,false,true,true,true,"none","1","normal","none","none","none","none","none",true,true,true,true
"aircon","/services/split-system-air-conditioning-sydney/","430x932",true,true,true,200,0,true,true,true,false,false,true,true,true,"none","1","normal","none","none","none","none","none",true,true,true,true
"aircon","/services/split-system-air-conditioning-sydney/","768x1024",true,true,true,200,0,true,true,true,true,true,false,false,true,"none","1","normal","none","none","none","none","none",true,true,true,"n/a"
"aircon","/services/split-system-air-conditioning-sydney/","820x1180",true,true,true,200,0,true,true,true,true,true,false,false,true,"none","1","normal","none","none","none","none","none",true,true,true,"n/a"
"aircon","/services/split-system-air-conditioning-sydney/","834x1194",true,true,true,200,0,true,true,true,true,true,false,false,true,"none","1","normal","none","none","none","none","none",true,true,true,"n/a"
"aircon","/services/split-system-air-conditioning-sydney/","912x1368",true,true,true,200,0,true,true,true,true,true,false,false,true,"none","1","normal","none","none","none","none","none",true,true,true,"n/a"
"aircon","/services/split-system-air-conditioning-sydney/","1024x1366",true,true,true,200,0,true,true,true,true,true,false,false,true,"none","1","normal","none","none","none","none","none",true,true,true,"n/a"
"aircon","/services/split-system-air-conditioning-sydney/","1024x768",true,true,true,200,0,true,true,true,true,true,false,false,true,"none","1","normal","none","none","none","none","none",true,true,true,"n/a"
"aircon","/services/split-system-air-conditioning-sydney/","1180x820",true,true,true,200,0,true,true,true,true,true,false,false,true,"none","1","normal","none","none","none","none","none",true,true,true,"n/a"
"aircon","/services/split-system-air-conditioning-sydney/","1280x720",true,true,true,200,0,true,true,true,true,true,false,false,true,"none","1","normal","none","none","none","none","none",true,true,true,"n/a"
"aircon","/services/split-system-air-conditioning-sydney/","1366x768",true,true,true,200,0,true,true,true,true,true,false,false,true,"none","1","normal","none","none","none","none","none",true,true,true,"n/a"
"aircon","/services/split-system-air-conditioning-sydney/","1440x900",true,true,true,200,0,true,true,true,true,true,false,false,true,"none","1","normal","none","none","none","none","none",true,true,true,"n/a"
"aircon","/services/split-system-air-conditioning-sydney/","1536x864",true,true,true,200,0,true,true,true,true,true,false,false,true,"none","1","normal","none","none","none","none","none",true,true,true,"n/a"
"aircon","/services/split-system-air-conditioning-sydney/","1600x900",true,true,true,200,0,true,true,true,true,true,false,false,true,"none","1","normal","none","none","none","none","none",false,true,true,"n/a"
"aircon","/services/split-system-air-conditioning-sydney/","1920x1080",true,true,true,200,0,true,true,true,true,true,false,false,true,"none","1","normal","none","none","none","none","none",false,true,true,"n/a"
"switchboard","/services/switchboard-upgrades-sydney/","360x800",true,true,true,200,0,true,true,true,false,false,true,true,true,"none","1","normal","none","none","none","none","none",true,true,true,true
"switchboard","/services/switchboard-upgrades-sydney/","375x812",true,true,true,200,0,true,true,true,false,false,true,true,true,"none","1","normal","none","none","none","none","none",true,true,true,true
"switchboard","/services/switchboard-upgrades-sydney/","390x844",true,true,true,200,0,true,true,true,false,false,true,true,true,"none","1","normal","none","none","none","none","none",true,true,true,true
"switchboard","/services/switchboard-upgrades-sydney/","412x915",true,true,true,200,0,true,true,true,false,false,true,true,true,"none","1","normal","none","none","none","none","none",true,true,true,true
"switchboard","/services/switchboard-upgrades-sydney/","430x932",true,true,true,200,0,true,true,true,false,false,true,true,true,"none","1","normal","none","none","none","none","none",true,true,true,true
"switchboard","/services/switchboard-upgrades-sydney/","768x1024",true,true,true,200,0,true,true,true,true,true,false,false,true,"none","1","normal","none","none","none","none","none",true,true,true,"n/a"
"switchboard","/services/switchboard-upgrades-sydney/","820x1180",true,true,true,200,0,true,true,true,true,true,false,false,true,"none","1","normal","none","none","none","none","none",true,true,true,"n/a"
"switchboard","/services/switchboard-upgrades-sydney/","834x1194",true,true,true,200,0,true,true,true,true,true,false,false,true,"none","1","normal","none","none","none","none","none",true,true,true,"n/a"
"switchboard","/services/switchboard-upgrades-sydney/","912x1368",true,true,true,200,0,true,true,true,true,true,false,false,true,"none","1","normal","none","none","none","none","none",true,true,true,"n/a"
"switchboard","/services/switchboard-upgrades-sydney/","1024x1366",true,true,true,200,0,true,true,true,true,true,false,false,true,"none","1","normal","none","none","none","none","none",true,true,true,"n/a"
"switchboard","/services/switchboard-upgrades-sydney/","1024x768",true,true,true,200,0,true,true,true,true,true,false,false,true,"none","1","normal","none","none","none","none","none",true,true,true,"n/a"
"switchboard","/services/switchboard-upgrades-sydney/","1180x820",true,true,true,200,0,true,true,true,true,true,false,false,true,"none","1","normal","none","none","none","none","none",true,true,true,"n/a"
"switchboard","/services/switchboard-upgrades-sydney/","1280x720",true,true,true,200,0,true,true,true,true,true,false,false,true,"none","1","normal","none","none","none","none","none",true,true,true,"n/a"
"switchboard","/services/switchboard-upgrades-sydney/","1366x768",true,true,true,200,0,true,true,true,true,true,false,false,true,"none","1","normal","none","none","none","none","none",true,true,true,"n/a"
"switchboard","/services/switchboard-upgrades-sydney/","1440x900",true,true,true,200,0,true,true,true,true,true,false,false,true,"none","1","normal","none","none","none","none","none",true,true,true,"n/a"
"switchboard","/services/switchboard-upgrades-sydney/","1536x864",true,true,true,200,0,true,true,true,true,true,false,false,true,"none","1","normal","none","none","none","none","none",true,true,true,"n/a"
"switchboard","/services/switchboard-upgrades-sydney/","1600x900",true,true,true,200,0,true,true,true,true,true,false,false,true,"none","1","normal","none","none","none","none","none",false,true,true,"n/a"
"switchboard","/services/switchboard-upgrades-sydney/","1920x1080",true,true,true,200,0,true,true,true,true,true,false,false,true,"none","1","normal","none","none","none","none","none",false,true,true,"n/a"
"panania","/service-areas/canterbury-bankstown-and-inner-south-west/canterbury-bankstown/panania/","360x800",true,true,true,200,0,true,true,true,false,false,true,true,true,"none","1","normal","none","none","none","none","none",true,true,true,true
"panania","/service-areas/canterbury-bankstown-and-inner-south-west/canterbury-bankstown/panania/","375x812",true,true,true,200,0,true,true,true,false,false,true,true,true,"none","1","normal","none","none","none","none","none",true,true,true,true
"panania","/service-areas/canterbury-bankstown-and-inner-south-west/canterbury-bankstown/panania/","390x844",true,true,true,200,0,true,true,true,false,false,true,true,true,"none","1","normal","none","none","none","none","none",true,true,true,true
"panania","/service-areas/canterbury-bankstown-and-inner-south-west/canterbury-bankstown/panania/","412x915",true,true,true,200,0,true,true,true,false,false,true,true,true,"none","1","normal","none","none","none","none","none",true,true,true,true
"panania","/service-areas/canterbury-bankstown-and-inner-south-west/canterbury-bankstown/panania/","430x932",true,true,true,200,0,true,true,true,false,false,true,true,true,"none","1","normal","none","none","none","none","none",true,true,true,true
"panania","/service-areas/canterbury-bankstown-and-inner-south-west/canterbury-bankstown/panania/","768x1024",true,true,true,200,0,true,true,true,true,true,false,false,true,"none","1","normal","none","none","none","none","none",true,true,true,"n/a"
"panania","/service-areas/canterbury-bankstown-and-inner-south-west/canterbury-bankstown/panania/","820x1180",true,true,true,200,0,true,true,true,true,true,false,false,true,"none","1","normal","none","none","none","none","none",true,true,true,"n/a"
"panania","/service-areas/canterbury-bankstown-and-inner-south-west/canterbury-bankstown/panania/","834x1194",true,true,true,200,0,true,true,true,true,true,false,false,true,"none","1","normal","none","none","none","none","none",true,true,true,"n/a"
"panania","/service-areas/canterbury-bankstown-and-inner-south-west/canterbury-bankstown/panania/","912x1368",true,true,true,200,0,true,true,true,true,true,false,false,true,"none","1","normal","none","none","none","none","none",true,true,true,"n/a"
"panania","/service-areas/canterbury-bankstown-and-inner-south-west/canterbury-bankstown/panania/","1024x1366",true,true,true,200,0,true,true,true,true,true,false,false,true,"none","1","normal","none","none","none","none","none",true,true,true,"n/a"
"panania","/service-areas/canterbury-bankstown-and-inner-south-west/canterbury-bankstown/panania/","1024x768",true,true,true,200,0,true,true,true,true,true,false,false,true,"none","1","normal","none","none","none","none","none",true,true,true,"n/a"
"panania","/service-areas/canterbury-bankstown-and-inner-south-west/canterbury-bankstown/panania/","1180x820",true,true,true,200,0,true,true,true,true,true,false,false,true,"none","1","normal","none","none","none","none","none",true,true,true,"n/a"
"panania","/service-areas/canterbury-bankstown-and-inner-south-west/canterbury-bankstown/panania/","1280x720",true,true,true,200,0,true,true,true,true,true,false,false,true,"none","1","normal","none","none","none","none","none",true,true,true,"n/a"
"panania","/service-areas/canterbury-bankstown-and-inner-south-west/canterbury-bankstown/panania/","1366x768",true,true,true,200,0,true,true,true,true,true,false,false,true,"none","1","normal","none","none","none","none","none",true,true,true,"n/a"
"panania","/service-areas/canterbury-bankstown-and-inner-south-west/canterbury-bankstown/panania/","1440x900",true,true,true,200,0,true,true,true,true,true,false,false,true,"none","1","normal","none","none","none","none","none",true,true,true,"n/a"
"panania","/service-areas/canterbury-bankstown-and-inner-south-west/canterbury-bankstown/panania/","1536x864",true,true,true,200,0,true,true,true,true,true,false,false,true,"none","1","normal","none","none","none","none","none",true,true,true,"n/a"
"panania","/service-areas/canterbury-bankstown-and-inner-south-west/canterbury-bankstown/panania/","1600x900",true,true,true,200,0,true,true,true,true,true,false,false,true,"none","1","normal","none","none","none","none","none",false,true,true,"n/a"
"panania","/service-areas/canterbury-bankstown-and-inner-south-west/canterbury-bankstown/panania/","1920x1080",true,true,true,200,0,true,true,true,true,true,false,false,true,"none","1","normal","none","none","none","none","none",false,true,true,"n/a"