route,viewport,status,error,menuWorks,menuLinks,h1Count,h1Text,horizontalOverflow,scrollWidth,headerFits,stripExists,stripVisible,stripAnimation,stickyExists,stickyVisible,phoneCta,quoteCta,adsTag,failedImages,vanVisible,vanUntinted,vanInfo,callButtonRed,quoteButtonBlue
/,360x800,200,,yes,solar:true;about:true;contact:true,1,Emergency & Level 2 Electrician Sydney,false,360,true,true,true,52s,true,true,true,true,true,,true,true,360x212 filter:none opacity:1 mix:normal,true,true
/about/,360x800,200,,yes,solar:true;about:true;contact:true,1,About Evaready Electrical,false,360,true,true,true,52s,true,true,true,true,true,,false,true,none,true,true
/contact/,360x800,200,,yes,solar:true;about:true;contact:true,1,Contact Evaready Electrical,false,360,true,true,true,52s,true,true,true,true,true,,false,true,none,true,true
/solar-batteries/,360x800,200,,yes,solar:true;about:true;contact:true,1,Solar & Battery Electrical Support Sydney,false,360,true,true,true,52s,true,true,true,true,true,,true,true,360x212 filter:none opacity:1 mix:normal,true,true
/emergency-electrician-sydney/,360x800,200,,yes,solar:true;about:true;contact:true,1,Emergency Electrician Sydney and Surrounding Regions,false,360,true,true,true,52s,true,true,true,true,true,,true,true,360x212 filter:none opacity:1 mix:normal,true,true
/level-2-electrician-sydney/,360x800,200,,yes,solar:true;about:true;contact:true,1,Level 2 Electrician Sydney & Surrounding Regions,false,360,true,true,true,52s,true,true,true,true,true,,true,true,360x212 filter:none opacity:1 mix:normal,true,true
/services/,360x800,200,,yes,solar:true;about:true;contact:true,1,Electrical Services Sydney & Surrounding Regions,false,360,true,true,true,52s,true,true,true,true,true,,true,true,360x212 filter:none opacity:1 mix:normal,true,true
/service-areas/,360x800,200,,yes,solar:true;about:true;contact:true,1,Electricians Across Sydney & Surrounding Regions,false,360,true,true,true,52s,true,true,true,true,true,,true,true,360x212 filter:none opacity:1 mix:normal,true,true
/services/pre-purchase-rental-electrical-inspections-sydney/,360x800,200,,yes,solar:true;about:true;contact:true,1,Pre-Purchase & Rental Electrical Inspections Sydney,false,360,true,true,true,52s,true,true,true,true,true,,true,true,360x212 filter:none opacity:1 mix:normal,true,true
/services/hot-water-system-electrician-sydney/,360x800,200,,yes,solar:true;about:true;contact:true,1,Hot Water System Electrician Sydney & Surrounding Regions,false,360,true,true,true,52s,true,true,true,true,true,,true,true,360x212 filter:none opacity:1 mix:normal,true,true
/services/split-system-air-conditioning-sydney/,360x800,200,,yes,solar:true;about:true;contact:true,1,Air Conditioning Electrician Sydney & Surrounding Regions,false,360,true,true,true,52s,true,true,true,true,true,,true,true,360x212 filter:none opacity:1 mix:normal,true,true
/service-areas/canterbury-bankstown-and-inner-south-west/canterbury-bankstown/panania/,360x800,200,,yes,solar:true;about:true;contact:true,1,Electrician Panania 2213,false,360,true,true,true,52s,true,true,true,true,true,,true,true,360x212 filter:none opacity:1 mix:normal,true,true
/privacy-policy/,360x800,200,,yes,solar:true;about:true;contact:true,1,Privacy Policy,false,360,true,true,true,52s,true,true,true,true,true,,false,true,none,true,true
/terms/,360x800,200,,yes,solar:true;about:true;contact:true,1,Terms of Use,false,360,true,true,true,52s,true,true,true,true,true,,false,true,none,true,true
/,390x844,200,,yes,solar:true;about:true;contact:true,1,Emergency & Level 2 Electrician Sydney,false,390,true,true,true,52s,true,true,true,true,true,,true,true,390x218 filter:none opacity:1 mix:normal,true,true
/about/,390x844,200,,yes,solar:true;about:true;contact:true,1,About Evaready Electrical,false,390,true,true,true,52s,true,true,true,true,true,,false,true,none,true,true
/contact/,390x844,200,,yes,solar:true;about:true;contact:true,1,Contact Evaready Electrical,false,390,true,true,true,52s,true,true,true,true,true,,false,true,none,true,true
/solar-batteries/,390x844,200,,yes,solar:true;about:true;contact:true,1,Solar & Battery Electrical Support Sydney,false,390,true,true,true,52s,true,true,true,true,true,,true,true,390x218 filter:none opacity:1 mix:normal,true,true
/emergency-electrician-sydney/,390x844,200,,yes,solar:true;about:true;contact:true,1,Emergency Electrician Sydney and Surrounding Regions,false,390,true,true,true,52s,true,true,true,true,true,,true,true,390x218 filter:none opacity:1 mix:normal,true,true
/level-2-electrician-sydney/,390x844,200,,yes,solar:true;about:true;contact:true,1,Level 2 Electrician Sydney & Surrounding Regions,false,390,true,true,true,52s,true,true,true,true,true,,true,true,390x218 filter:none opacity:1 mix:normal,true,true
/services/,390x844,200,,yes,solar:true;about:true;contact:true,1,Electrical Services Sydney & Surrounding Regions,false,390,true,true,true,52s,true,true,true,true,true,,true,true,390x218 filter:none opacity:1 mix:normal,true,true
/service-areas/,390x844,200,,yes,solar:true;about:true;contact:true,1,Electricians Across Sydney & Surrounding Regions,false,390,true,true,true,52s,true,true,true,true,true,,true,true,390x218 filter:none opacity:1 mix:normal,true,true
/services/pre-purchase-rental-electrical-inspections-sydney/,390x844,200,,yes,solar:true;about:true;contact:true,1,Pre-Purchase & Rental Electrical Inspections Sydney,false,390,true,true,true,52s,true,true,true,true,true,,true,true,390x218 filter:none opacity:1 mix:normal,true,true
/services/hot-water-system-electrician-sydney/,390x844,200,,yes,solar:true;about:true;contact:true,1,Hot Water System Electrician Sydney & Surrounding Regions,false,390,true,true,true,52s,true,true,true,true,true,,true,true,390x218 filter:none opacity:1 mix:normal,true,true
/services/split-system-air-conditioning-sydney/,390x844,200,,yes,solar:true;about:true;contact:true,1,Air Conditioning Electrician Sydney & Surrounding Regions,false,390,true,true,true,52s,true,true,true,true,true,,true,true,390x218 filter:none opacity:1 mix:normal,true,true
/service-areas/canterbury-bankstown-and-inner-south-west/canterbury-bankstown/panania/,390x844,200,,yes,solar:true;about:true;contact:true,1,Electrician Panania 2213,false,390,true,true,true,52s,true,true,true,true,true,,true,true,390x218 filter:none opacity:1 mix:normal,true,true
/privacy-policy/,390x844,200,,yes,solar:true;about:true;contact:true,1,Privacy Policy,false,390,true,true,true,52s,true,true,true,true,true,,false,true,none,true,true
/terms/,390x844,200,,yes,solar:true;about:true;contact:true,1,Terms of Use,false,390,true,true,true,52s,true,true,true,true,true,,false,true,none,true,true
/,412x915,200,,yes,solar:true;about:true;contact:true,1,Emergency & Level 2 Electrician Sydney,false,412,true,true,true,52s,true,true,true,true,true,,true,true,412x231 filter:none opacity:1 mix:normal,true,true
/about/,412x915,200,,yes,solar:true;about:true;contact:true,1,About Evaready Electrical,false,412,true,true,true,52s,true,true,true,true,true,,false,true,none,true,true
/contact/,412x915,200,,yes,solar:true;about:true;contact:true,1,Contact Evaready Electrical,false,412,true,true,true,52s,true,true,true,true,true,,false,true,none,true,true
/solar-batteries/,412x915,200,,yes,solar:true;about:true;contact:true,1,Solar & Battery Electrical Support Sydney,false,412,true,true,true,52s,true,true,true,true,true,,true,true,412x231 filter:none opacity:1 mix:normal,true,true
/emergency-electrician-sydney/,412x915,200,,yes,solar:true;about:true;contact:true,1,Emergency Electrician Sydney and Surrounding Regions,false,412,true,true,true,52s,true,true,true,true,true,,true,true,412x231 filter:none opacity:1 mix:normal,true,true
/level-2-electrician-sydney/,412x915,200,,yes,solar:true;about:true;contact:true,1,Level 2 Electrician Sydney & Surrounding Regions,false,412,true,true,true,52s,true,true,true,true,true,,true,true,412x231 filter:none opacity:1 mix:normal,true,true
/services/,412x915,200,,yes,solar:true;about:true;contact:true,1,Electrical Services Sydney & Surrounding Regions,false,412,true,true,true,52s,true,true,true,true,true,,true,true,412x231 filter:none opacity:1 mix:normal,true,true
/service-areas/,412x915,200,,yes,solar:true;about:true;contact:true,1,Electricians Across Sydney & Surrounding Regions,false,412,true,true,true,52s,true,true,true,true,true,,true,true,412x231 filter:none opacity:1 mix:normal,true,true
/services/pre-purchase-rental-electrical-inspections-sydney/,412x915,200,,yes,solar:true;about:true;contact:true,1,Pre-Purchase & Rental Electrical Inspections Sydney,false,412,true,true,true,52s,true,true,true,true,true,,true,true,412x231 filter:none opacity:1 mix:normal,true,true
/services/hot-water-system-electrician-sydney/,412x915,200,,yes,solar:true;about:true;contact:true,1,Hot Water System Electrician Sydney & Surrounding Regions,false,412,true,true,true,52s,true,true,true,true,true,,true,true,412x231 filter:none opacity:1 mix:normal,true,true
/services/split-system-air-conditioning-sydney/,412x915,200,,yes,solar:true;about:true;contact:true,1,Air Conditioning Electrician Sydney & Surrounding Regions,false,412,true,true,true,52s,true,true,true,true,true,,true,true,412x231 filter:none opacity:1 mix:normal,true,true
/service-areas/canterbury-bankstown-and-inner-south-west/canterbury-bankstown/panania/,412x915,200,,yes,solar:true;about:true;contact:true,1,Electrician Panania 2213,false,412,true,true,true,52s,true,true,true,true,true,,true,true,412x231 filter:none opacity:1 mix:normal,true,true
/privacy-policy/,412x915,200,,yes,solar:true;about:true;contact:true,1,Privacy Policy,false,412,true,true,true,52s,true,true,true,true,true,,false,true,none,true,true
/terms/,412x915,200,,yes,solar:true;about:true;contact:true,1,Terms of Use,false,412,true,true,true,52s,true,true,true,true,true,,false,true,none,true,true
/,430x932,200,,yes,solar:true;about:true;contact:true,1,Emergency & Level 2 Electrician Sydney,false,430,true,true,true,52s,true,true,true,true,true,,true,true,430x241 filter:none opacity:1 mix:normal,true,true
/about/,430x932,200,,yes,solar:true;about:true;contact:true,1,About Evaready Electrical,false,430,true,true,true,52s,true,true,true,true,true,,false,true,none,true,true
/contact/,430x932,200,,yes,solar:true;about:true;contact:true,1,Contact Evaready Electrical,false,430,true,true,true,52s,true,true,true,true,true,,false,true,none,true,true
/solar-batteries/,430x932,200,,yes,solar:true;about:true;contact:true,1,Solar & Battery Electrical Support Sydney,false,430,true,true,true,52s,true,true,true,true,true,,true,true,430x241 filter:none opacity:1 mix:normal,true,true
/emergency-electrician-sydney/,430x932,200,,yes,solar:true;about:true;contact:true,1,Emergency Electrician Sydney and Surrounding Regions,false,430,true,true,true,52s,true,true,true,true,true,,true,true,430x241 filter:none opacity:1 mix:normal,true,true
/level-2-electrician-sydney/,430x932,200,,yes,solar:true;about:true;contact:true,1,Level 2 Electrician Sydney & Surrounding Regions,false,430,true,true,true,52s,true,true,true,true,true,,true,true,430x241 filter:none opacity:1 mix:normal,true,true
/services/,430x932,200,,yes,solar:true;about:true;contact:true,1,Electrical Services Sydney & Surrounding Regions,false,430,true,true,true,52s,true,true,true,true,true,,true,true,430x241 filter:none opacity:1 mix:normal,true,true
/service-areas/,430x932,200,,yes,solar:true;about:true;contact:true,1,Electricians Across Sydney & Surrounding Regions,false,430,true,true,true,52s,true,true,true,true,true,,true,true,430x241 filter:none opacity:1 mix:normal,true,true
/services/pre-purchase-rental-electrical-inspections-sydney/,430x932,200,,yes,solar:true;about:true;contact:true,1,Pre-Purchase & Rental Electrical Inspections Sydney,false,430,true,true,true,52s,true,true,true,true,true,,true,true,430x241 filter:none opacity:1 mix:normal,true,true
/services/hot-water-system-electrician-sydney/,430x932,200,,yes,solar:true;about:true;contact:true,1,Hot Water System Electrician Sydney & Surrounding Regions,false,430,true,true,true,52s,true,true,true,true,true,,true,true,430x241 filter:none opacity:1 mix:normal,true,true
/services/split-system-air-conditioning-sydney/,430x932,200,,yes,solar:true;about:true;contact:true,1,Air Conditioning Electrician Sydney & Surrounding Regions,false,430,true,true,true,52s,true,true,true,true,true,,true,true,430x241 filter:none opacity:1 mix:normal,true,true
/service-areas/canterbury-bankstown-and-inner-south-west/canterbury-bankstown/panania/,430x932,200,,yes,solar:true;about:true;contact:true,1,Electrician Panania 2213,false,430,true,true,true,52s,true,true,true,true,true,,true,true,430x241 filter:none opacity:1 mix:normal,true,true
/privacy-policy/,430x932,200,,yes,solar:true;about:true;contact:true,1,Privacy Policy,false,430,true,true,true,52s,true,true,true,true,true,,false,true,none,true,true
/terms/,430x932,200,,yes,solar:true;about:true;contact:true,1,Terms of Use,false,430,true,true,true,52s,true,true,true,true,true,,false,true,none,true,true
/,768x1024,200,,yes,solar:true;about:true;contact:true,1,Emergency & Level 2 Electrician Sydney,false,768,true,true,true,52s,true,false,true,true,true,,true,true,768x1050 filter:none opacity:1 mix:normal,true,true
/about/,768x1024,200,,yes,solar:true;about:true;contact:true,1,About Evaready Electrical,false,768,true,true,true,52s,true,false,true,true,true,,false,true,none,true,true
/contact/,768x1024,200,,yes,solar:true;about:true;contact:true,1,Contact Evaready Electrical,false,768,true,true,true,52s,true,false,true,true,true,,false,true,none,true,true
/solar-batteries/,768x1024,200,,yes,solar:true;about:true;contact:true,1,Solar & Battery Electrical Support Sydney,false,768,true,true,true,52s,true,false,true,true,true,,true,true,768x923 filter:none opacity:1 mix:normal,true,true
/emergency-electrician-sydney/,768x1024,200,,yes,solar:true;about:true;contact:true,1,Emergency Electrician Sydney and Surrounding Regions,false,768,true,true,true,52s,true,false,true,true,true,,true,true,768x1622 filter:none opacity:1 mix:normal,true,true
/level-2-electrician-sydney/,768x1024,200,,yes,solar:true;about:true;contact:true,1,Level 2 Electrician Sydney & Surrounding Regions,false,768,true,true,true,52s,true,false,true,true,true,,true,true,768x2123 filter:none opacity:1 mix:normal,true,true
/services/,768x1024,200,,yes,solar:true;about:true;contact:true,1,Electrical Services Sydney & Surrounding Regions,false,768,true,true,true,52s,true,false,true,true,true,,true,true,768x1201 filter:none opacity:1 mix:normal,true,true
/service-areas/,768x1024,200,,yes,solar:true;about:true;contact:true,1,Electricians Across Sydney & Surrounding Regions,false,768,true,true,true,52s,true,false,true,true,true,,true,true,768x1734 filter:none opacity:1 mix:normal,true,true
/services/pre-purchase-rental-electrical-inspections-sydney/,768x1024,200,,yes,solar:true;about:true;contact:true,1,Pre-Purchase & Rental Electrical Inspections Sydney,false,768,true,true,true,52s,true,false,true,true,true,,true,true,768x1600 filter:none opacity:1 mix:normal,true,true
/services/hot-water-system-electrician-sydney/,768x1024,200,,yes,solar:true;about:true;contact:true,1,Hot Water System Electrician Sydney & Surrounding Regions,false,768,true,true,true,52s,true,false,true,true,true,,true,true,768x1728 filter:none opacity:1 mix:normal,true,true
/services/split-system-air-conditioning-sydney/,768x1024,200,,yes,solar:true;about:true;contact:true,1,Air Conditioning Electrician Sydney & Surrounding Regions,false,768,true,true,true,52s,true,false,true,true,true,,true,true,768x1728 filter:none opacity:1 mix:normal,true,true
/service-areas/canterbury-bankstown-and-inner-south-west/canterbury-bankstown/panania/,768x1024,200,,yes,solar:true;about:true;contact:true,1,Electrician Panania 2213,false,768,true,true,true,52s,true,false,true,true,true,,true,true,768x910 filter:none opacity:1 mix:normal,true,true
/privacy-policy/,768x1024,200,,yes,solar:true;about:true;contact:true,1,Privacy Policy,false,768,true,true,true,52s,true,false,true,true,true,,false,true,none,true,true
/terms/,768x1024,200,,yes,solar:true;about:true;contact:true,1,Terms of Use,false,768,true,true,true,52s,true,false,true,true,true,,false,true,none,true,true
/,820x1180,200,,yes,solar:true;about:true;contact:true,1,Emergency & Level 2 Electrician Sydney,false,820,true,true,true,52s,true,false,true,true,true,,true,true,820x1032 filter:none opacity:1 mix:normal,true,true
/about/,820x1180,200,,yes,solar:true;about:true;contact:true,1,About Evaready Electrical,false,820,true,true,true,52s,true,false,true,true,true,,false,true,none,true,true
/contact/,820x1180,200,,yes,solar:true;about:true;contact:true,1,Contact Evaready Electrical,false,820,true,true,true,52s,true,false,true,true,true,,false,true,none,true,true
/solar-batteries/,820x1180,200,,yes,solar:true;about:true;contact:true,1,Solar & Battery Electrical Support Sydney,false,820,true,true,true,52s,true,false,true,true,true,,true,true,820x931 filter:none opacity:1 mix:normal,true,true
/emergency-electrician-sydney/,820x1180,200,,yes,solar:true;about:true;contact:true,1,Emergency Electrician Sydney and Surrounding Regions,false,820,true,true,true,52s,true,false,true,true,true,,true,true,820x1594 filter:none opacity:1 mix:normal,true,true
/level-2-electrician-sydney/,820x1180,200,,yes,solar:true;about:true;contact:true,1,Level 2 Electrician Sydney & Surrounding Regions,false,820,true,true,true,52s,true,false,true,true,true,,true,true,820x2069 filter:none opacity:1 mix:normal,true,true
/services/,820x1180,200,,yes,solar:true;about:true;contact:true,1,Electrical Services Sydney & Surrounding Regions,false,820,true,true,true,52s,true,false,true,true,true,,true,true,820x1185 filter:none opacity:1 mix:normal,true,true
/service-areas/,820x1180,200,,yes,solar:true;about:true;contact:true,1,Electricians Across Sydney & Surrounding Regions,false,820,true,true,true,52s,true,false,true,true,true,,true,true,820x1718 filter:none opacity:1 mix:normal,true,true
/services/pre-purchase-rental-electrical-inspections-sydney/,820x1180,200,,yes,solar:true;about:true;contact:true,1,Pre-Purchase & Rental Electrical Inspections Sydney,false,820,true,true,true,52s,true,false,true,true,true,,true,true,820x1608 filter:none opacity:1 mix:normal,true,true
/services/hot-water-system-electrician-sydney/,820x1180,200,,yes,solar:true;about:true;contact:true,1,Hot Water System Electrician Sydney & Surrounding Regions,false,820,true,true,true,52s,true,false,true,true,true,,true,true,820x1736 filter:none opacity:1 mix:normal,true,true
/services/split-system-air-conditioning-sydney/,820x1180,200,,yes,solar:true;about:true;contact:true,1,Air Conditioning Electrician Sydney & Surrounding Regions,false,820,true,true,true,52s,true,false,true,true,true,,true,true,820x1736 filter:none opacity:1 mix:normal,true,true
/service-areas/canterbury-bankstown-and-inner-south-west/canterbury-bankstown/panania/,820x1180,200,,yes,solar:true;about:true;contact:true,1,Electrician Panania 2213,false,820,true,true,true,52s,true,false,true,true,true,,true,true,820x918 filter:none opacity:1 mix:normal,true,true
/privacy-policy/,820x1180,200,,yes,solar:true;about:true;contact:true,1,Privacy Policy,false,820,true,true,true,52s,true,false,true,true,true,,false,true,none,true,true
/terms/,820x1180,200,,yes,solar:true;about:true;contact:true,1,Terms of Use,false,820,true,true,true,52s,true,false,true,true,true,,false,true,none,true,true
/,1024x1366,200,,yes,solar:true;about:true;contact:true,1,Emergency & Level 2 Electrician Sydney,false,1024,true,true,true,52s,true,false,true,true,true,,true,true,1024x1201 filter:none opacity:1 mix:normal,true,true
/about/,1024x1366,200,,yes,solar:true;about:true;contact:true,1,About Evaready Electrical,false,1024,true,true,true,52s,true,false,true,true,true,,false,true,none,true,true
/contact/,1024x1366,200,,yes,solar:true;about:true;contact:true,1,Contact Evaready Electrical,false,1024,true,true,true,52s,true,false,true,true,true,,false,true,none,true,true
/solar-batteries/,1024x1366,200,,yes,solar:true;about:true;contact:true,1,Solar & Battery Electrical Support Sydney,false,1024,true,true,true,52s,true,false,true,true,true,,true,true,1024x1367 filter:none opacity:1 mix:normal,true,true
/emergency-electrician-sydney/,1024x1366,200,,yes,solar:true;about:true;contact:true,1,Emergency Electrician Sydney and Surrounding Regions,false,1024,true,true,true,52s,true,false,true,true,true,,true,true,1024x1544 filter:none opacity:1 mix:normal,true,true
/level-2-electrician-sydney/,1024x1366,200,,yes,solar:true;about:true;contact:true,1,Level 2 Electrician Sydney & Surrounding Regions,false,1024,true,true,true,52s,true,false,true,true,true,,true,true,1024x1575 filter:none opacity:1 mix:normal,true,true
/services/,1024x1366,200,,yes,solar:true;about:true;contact:true,1,Electrical Services Sydney & Surrounding Regions,false,1024,true,true,true,52s,true,false,true,true,true,,true,true,1024x1287 filter:none opacity:1 mix:normal,true,true
/service-areas/,1024x1366,200,,yes,solar:true;about:true;contact:true,1,Electricians Across Sydney & Surrounding Regions,false,1024,true,true,true,52s,true,false,true,true,true,,true,true,1024x1617 filter:none opacity:1 mix:normal,true,true
/services/pre-purchase-rental-electrical-inspections-sydney/,1024x1366,200,,yes,solar:true;about:true;contact:true,1,Pre-Purchase & Rental Electrical Inspections Sydney,false,1024,true,true,true,52s,true,false,true,true,true,,true,true,1024x1172 filter:none opacity:1 mix:normal,true,true
/services/hot-water-system-electrician-sydney/,1024x1366,200,,yes,solar:true;about:true;contact:true,1,Hot Water System Electrician Sydney & Surrounding Regions,false,1024,true,true,true,52s,true,false,true,true,true,,true,true,1024x1263 filter:none opacity:1 mix:normal,true,true
/services/split-system-air-conditioning-sydney/,1024x1366,200,,yes,solar:true;about:true;contact:true,1,Air Conditioning Electrician Sydney & Surrounding Regions,false,1024,true,true,true,52s,true,false,true,true,true,,true,true,1024x1263 filter:none opacity:1 mix:normal,true,true
/service-areas/canterbury-bankstown-and-inner-south-west/canterbury-bankstown/panania/,1024x1366,200,,yes,solar:true;about:true;contact:true,1,Electrician Panania 2213,false,1024,true,true,true,52s,true,false,true,true,true,,true,true,1024x939 filter:none opacity:1 mix:normal,true,true
/privacy-policy/,1024x1366,200,,yes,solar:true;about:true;contact:true,1,Privacy Policy,false,1024,true,true,true,52s,true,false,true,true,true,,false,true,none,true,true
/terms/,1024x1366,200,,yes,solar:true;about:true;contact:true,1,Terms of Use,false,1024,true,true,true,52s,true,false,true,true,true,,false,true,none,true,true
/,1024x768,200,,yes,solar:true;about:true;contact:true,1,Emergency & Level 2 Electrician Sydney,false,1024,true,true,true,52s,true,false,true,true,true,,true,true,1024x1201 filter:none opacity:1 mix:normal,true,true
/about/,1024x768,200,,yes,solar:true;about:true;contact:true,1,About Evaready Electrical,false,1024,true,true,true,52s,true,false,true,true,true,,false,true,none,true,true
/contact/,1024x768,200,,yes,solar:true;about:true;contact:true,1,Contact Evaready Electrical,false,1024,true,true,true,52s,true,false,true,true,true,,false,true,none,true,true
/solar-batteries/,1024x768,200,,yes,solar:true;about:true;contact:true,1,Solar & Battery Electrical Support Sydney,false,1024,true,true,true,52s,true,false,true,true,true,,true,true,1024x1367 filter:none opacity:1 mix:normal,true,true
/emergency-electrician-sydney/,1024x768,200,,yes,solar:true;about:true;contact:true,1,Emergency Electrician Sydney and Surrounding Regions,false,1024,true,true,true,52s,true,false,true,true,true,,true,true,1024x1544 filter:none opacity:1 mix:normal,true,true
/level-2-electrician-sydney/,1024x768,200,,yes,solar:true;about:true;contact:true,1,Level 2 Electrician Sydney & Surrounding Regions,false,1024,true,true,true,52s,true,false,true,true,true,,true,true,1024x1575 filter:none opacity:1 mix:normal,true,true
/services/,1024x768,200,,yes,solar:true;about:true;contact:true,1,Electrical Services Sydney & Surrounding Regions,false,1024,true,true,true,52s,true,false,true,true,true,,true,true,1024x1287 filter:none opacity:1 mix:normal,true,true
/service-areas/,1024x768,200,,yes,solar:true;about:true;contact:true,1,Electricians Across Sydney & Surrounding Regions,false,1024,true,true,true,52s,true,false,true,true,true,,true,true,1024x1617 filter:none opacity:1 mix:normal,true,true
/services/pre-purchase-rental-electrical-inspections-sydney/,1024x768,200,,yes,solar:true;about:true;contact:true,1,Pre-Purchase & Rental Electrical Inspections Sydney,false,1024,true,true,true,52s,true,false,true,true,true,,true,true,1024x1172 filter:none opacity:1 mix:normal,true,true
/services/hot-water-system-electrician-sydney/,1024x768,200,,yes,solar:true;about:true;contact:true,1,Hot Water System Electrician Sydney & Surrounding Regions,false,1024,true,true,true,52s,true,false,true,true,true,,true,true,1024x1263 filter:none opacity:1 mix:normal,true,true
/services/split-system-air-conditioning-sydney/,1024x768,200,,yes,solar:true;about:true;contact:true,1,Air Conditioning Electrician Sydney & Surrounding Regions,false,1024,true,true,true,52s,true,false,true,true,true,,true,true,1024x1263 filter:none opacity:1 mix:normal,true,true
/service-areas/canterbury-bankstown-and-inner-south-west/canterbury-bankstown/panania/,1024x768,200,,yes,solar:true;about:true;contact:true,1,Electrician Panania 2213,false,1024,true,true,true,52s,true,false,true,true,true,,true,true,1024x939 filter:none opacity:1 mix:normal,true,true
/privacy-policy/,1024x768,200,,yes,solar:true;about:true;contact:true,1,Privacy Policy,false,1024,true,true,true,52s,true,false,true,true,true,,false,true,none,true,true
/terms/,1024x768,200,,yes,solar:true;about:true;contact:true,1,Terms of Use,false,1024,true,true,true,52s,true,false,true,true,true,,false,true,none,true,true
/,1366x768,200,,not-tested,,1,Emergency & Level 2 Electrician Sydney,false,1366,true,true,true,52s,true,false,true,true,true,,true,true,1366x1212 filter:none opacity:1 mix:normal,true,true
/about/,1366x768,200,,not-tested,,1,About Evaready Electrical,false,1366,true,true,true,52s,true,false,true,true,true,,false,true,none,true,true
/contact/,1366x768,200,,not-tested,,1,Contact Evaready Electrical,false,1366,true,true,true,52s,true,false,true,true,true,,false,true,none,true,true
/solar-batteries/,1366x768,200,,not-tested,,1,Solar & Battery Electrical Support Sydney,false,1366,true,true,true,52s,true,false,true,true,true,,true,true,1366x1301 filter:none opacity:1 mix:normal,true,true
/emergency-electrician-sydney/,1366x768,200,,not-tested,,1,Emergency Electrician Sydney and Surrounding Regions,false,1366,true,true,true,52s,true,false,true,true,true,,true,true,1366x1370 filter:none opacity:1 mix:normal,true,true
/level-2-electrician-sydney/,1366x768,200,,not-tested,,1,Level 2 Electrician Sydney & Surrounding Regions,false,1366,true,true,true,52s,true,false,true,true,true,,true,true,1366x1503 filter:none opacity:1 mix:normal,true,true
/services/,1366x768,200,,not-tested,,1,Electrical Services Sydney & Surrounding Regions,false,1366,true,true,true,52s,true,false,true,true,true,,true,true,1366x1333 filter:none opacity:1 mix:normal,true,true
/service-areas/,1366x768,200,,not-tested,,1,Electricians Across Sydney & Surrounding Regions,false,1366,true,true,true,52s,true,false,true,true,true,,true,true,1366x1701 filter:none opacity:1 mix:normal,true,true
/services/pre-purchase-rental-electrical-inspections-sydney/,1366x768,200,,not-tested,,1,Pre-Purchase & Rental Electrical Inspections Sydney,false,1366,true,true,true,52s,true,false,true,true,true,,true,true,1366x1045 filter:none opacity:1 mix:normal,true,true
/services/hot-water-system-electrician-sydney/,1366x768,200,,not-tested,,1,Hot Water System Electrician Sydney & Surrounding Regions,false,1366,true,true,true,52s,true,false,true,true,true,,true,true,1366x1277 filter:none opacity:1 mix:normal,true,true
/services/split-system-air-conditioning-sydney/,1366x768,200,,not-tested,,1,Air Conditioning Electrician Sydney & Surrounding Regions,false,1366,true,true,true,52s,true,false,true,true,true,,true,true,1366x1277 filter:none opacity:1 mix:normal,true,true
/service-areas/canterbury-bankstown-and-inner-south-west/canterbury-bankstown/panania/,1366x768,200,,not-tested,,1,Electrician Panania 2213,false,1366,true,true,true,52s,true,false,true,true,true,,true,true,1366x985 filter:none opacity:1 mix:normal,true,true
/privacy-policy/,1366x768,200,,not-tested,,1,Privacy Policy,false,1366,true,true,true,52s,true,false,true,true,true,,false,true,none,true,true
/terms/,1366x768,200,,not-tested,,1,Terms of Use,false,1366,true,true,true,52s,true,false,true,true,true,,false,true,none,true,true
/,1440x900,200,,not-tested,,1,Emergency & Level 2 Electrician Sydney,false,1440,true,true,true,52s,true,false,true,true,true,,true,true,1440x1212 filter:none opacity:1 mix:normal,true,true
/about/,1440x900,200,,not-tested,,1,About Evaready Electrical,false,1440,true,true,true,52s,true,false,true,true,true,,false,true,none,true,true
/contact/,1440x900,200,,not-tested,,1,Contact Evaready Electrical,false,1440,true,true,true,52s,true,false,true,true,true,,false,true,none,true,true
/solar-batteries/,1440x900,200,,not-tested,,1,Solar & Battery Electrical Support Sydney,false,1440,true,true,true,52s,true,false,true,true,true,,true,true,1440x1304 filter:none opacity:1 mix:normal,true,true
/emergency-electrician-sydney/,1440x900,200,,not-tested,,1,Emergency Electrician Sydney and Surrounding Regions,false,1440,true,true,true,52s,true,false,true,true,true,,true,true,1440x1373 filter:none opacity:1 mix:normal,true,true
/level-2-electrician-sydney/,1440x900,200,,not-tested,,1,Level 2 Electrician Sydney & Surrounding Regions,false,1440,true,true,true,52s,true,false,true,true,true,,true,true,1440x1506 filter:none opacity:1 mix:normal,true,true
/services/,1440x900,200,,not-tested,,1,Electrical Services Sydney & Surrounding Regions,false,1440,true,true,true,52s,true,false,true,true,true,,true,true,1440x1336 filter:none opacity:1 mix:normal,true,true
/service-areas/,1440x900,200,,not-tested,,1,Electricians Across Sydney & Surrounding Regions,false,1440,true,true,true,52s,true,false,true,true,true,,true,true,1440x1704 filter:none opacity:1 mix:normal,true,true
/services/pre-purchase-rental-electrical-inspections-sydney/,1440x900,200,,not-tested,,1,Pre-Purchase & Rental Electrical Inspections Sydney,false,1440,true,true,true,52s,true,false,true,true,true,,true,true,1440x1048 filter:none opacity:1 mix:normal,true,true
/services/hot-water-system-electrician-sydney/,1440x900,200,,not-tested,,1,Hot Water System Electrician Sydney & Surrounding Regions,false,1440,true,true,true,52s,true,false,true,true,true,,true,true,1440x1280 filter:none opacity:1 mix:normal,true,true
/services/split-system-air-conditioning-sydney/,1440x900,200,,not-tested,,1,Air Conditioning Electrician Sydney & Surrounding Regions,false,1440,true,true,true,52s,true,false,true,true,true,,true,true,1440x1280 filter:none opacity:1 mix:normal,true,true
/service-areas/canterbury-bankstown-and-inner-south-west/canterbury-bankstown/panania/,1440x900,200,,not-tested,,1,Electrician Panania 2213,false,1440,true,true,true,52s,true,false,true,true,true,,true,true,1440x988 filter:none opacity:1 mix:normal,true,true
/privacy-policy/,1440x900,200,,not-tested,,1,Privacy Policy,false,1440,true,true,true,52s,true,false,true,true,true,,false,true,none,true,true
/terms/,1440x900,200,,not-tested,,1,Terms of Use,false,1440,true,true,true,52s,true,false,true,true,true,,false,true,none,true,true
/,1920x1080,200,,not-tested,,1,Emergency & Level 2 Electrician Sydney,false,1920,true,true,true,52s,true,false,true,true,true,,true,true,1920x1212 filter:none opacity:1 mix:normal,true,true
/about/,1920x1080,200,,not-tested,,1,About Evaready Electrical,false,1920,true,true,true,52s,true,false,true,true,true,,false,true,none,true,true
/contact/,1920x1080,200,,not-tested,,1,Contact Evaready Electrical,false,1920,true,true,true,52s,true,false,true,true,true,,false,true,none,true,true
/solar-batteries/,1920x1080,200,,not-tested,,1,Solar & Battery Electrical Support Sydney,false,1920,true,true,true,52s,true,false,true,true,true,,true,true,1920x1304 filter:none opacity:1 mix:normal,true,true
/emergency-electrician-sydney/,1920x1080,200,,not-tested,,1,Emergency Electrician Sydney and Surrounding Regions,false,1920,true,true,true,52s,true,false,true,true,true,,true,true,1920x1448 filter:none opacity:1 mix:normal,true,true
/level-2-electrician-sydney/,1920x1080,200,,not-tested,,1,Level 2 Electrician Sydney & Surrounding Regions,false,1920,true,true,true,52s,true,false,true,true,true,,true,true,1920x1506 filter:none opacity:1 mix:normal,true,true
/services/,1920x1080,200,,not-tested,,1,Electrical Services Sydney & Surrounding Regions,false,1920,true,true,true,52s,true,false,true,true,true,,true,true,1920x1336 filter:none opacity:1 mix:normal,true,true
/service-areas/,1920x1080,200,,not-tested,,1,Electricians Across Sydney & Surrounding Regions,false,1920,true,true,true,52s,true,false,true,true,true,,true,true,1920x1704 filter:none opacity:1 mix:normal,true,true
/services/pre-purchase-rental-electrical-inspections-sydney/,1920x1080,200,,not-tested,,1,Pre-Purchase & Rental Electrical Inspections Sydney,false,1920,true,true,true,52s,true,false,true,true,true,,true,true,1920x1048 filter:none opacity:1 mix:normal,true,true
/services/hot-water-system-electrician-sydney/,1920x1080,200,,not-tested,,1,Hot Water System Electrician Sydney & Surrounding Regions,false,1920,true,true,true,52s,true,false,true,true,true,,true,true,1920x1280 filter:none opacity:1 mix:normal,true,true
/services/split-system-air-conditioning-sydney/,1920x1080,200,,not-tested,,1,Air Conditioning Electrician Sydney & Surrounding Regions,false,1920,true,true,true,52s,true,false,true,true,true,,true,true,1920x1280 filter:none opacity:1 mix:normal,true,true
/service-areas/canterbury-bankstown-and-inner-south-west/canterbury-bankstown/panania/,1920x1080,200,,not-tested,,1,Electrician Panania 2213,false,1920,true,true,true,52s,true,false,true,true,true,,true,true,1920x988 filter:none opacity:1 mix:normal,true,true
/privacy-policy/,1920x1080,200,,not-tested,,1,Privacy Policy,false,1920,true,true,true,52s,true,false,true,true,true,,false,true,none,true,true
/terms/,1920x1080,200,,not-tested,,1,Terms of Use,false,1920,true,true,true,52s,true,false,true,true,true,,false,true,none,true,true
