viewport,width,height,route,status,cssLoaded,overflow,headerFits,h1Visible,telVisible,quoteVisible,heroVan,fail,title,error
mobile-390,390,844,/,200,true,0,true,true,true,true,present,false,"Emergency & Level 2 Electrician Sydney",""
mobile-390,390,844,/about/,200,true,0,true,true,true,true,present,false,"About Evaready Electrical",""
mobile-390,390,844,/contact/,200,true,0,true,true,true,true,present,false,"Contact Evaready Electrical",""
mobile-390,390,844,/emergency-electrician-sydney/,200,true,0,true,true,true,true,present,false,"Emergency Electrician Sydney",""
mobile-390,390,844,/level-2-electrician-sydney/,200,true,0,true,true,true,true,present,false,"Level 2 Electrician Sydney & Surrounding Regions",""
mobile-390,390,844,/services/,200,true,0,true,true,true,true,present,false,"Electrical Services Sydney & Surrounding Regions",""
mobile-390,390,844,/service-areas/,200,true,0,true,true,true,true,present,false,"Electricians Across Sydney & Surrounding Regions",""
mobile-390,390,844,/services/hot-water-system-electrician-sydney/,200,true,0,true,true,true,true,present,false,"Hot Water System Electrician Sydney & Surrounding Regions",""
mobile-390,390,844,/services/split-system-air-conditioning-sydney/,200,true,0,true,true,true,true,present,false,"Air Conditioning Electrician Sydney & Surrounding Regions",""
mobile-390,390,844,/privacy-policy/,200,true,0,true,true,true,true,not-required,false,"Privacy Policy",""
mobile-390,390,844,/terms/,200,true,0,true,true,true,true,not-required,false,"Terms of Use",""
mobile-430,430,932,/,200,true,0,true,true,true,true,present,false,"Emergency & Level 2 Electrician Sydney",""
mobile-430,430,932,/about/,200,true,0,true,true,true,true,present,false,"About Evaready Electrical",""
mobile-430,430,932,/contact/,200,true,0,true,true,true,true,present,false,"Contact Evaready Electrical",""
mobile-430,430,932,/emergency-electrician-sydney/,200,true,0,true,true,true,true,present,false,"Emergency Electrician Sydney",""
mobile-430,430,932,/level-2-electrician-sydney/,200,true,0,true,true,true,true,present,false,"Level 2 Electrician Sydney & Surrounding Regions",""
mobile-430,430,932,/services/,200,true,0,true,true,true,true,present,false,"Electrical Services Sydney & Surrounding Regions",""
mobile-430,430,932,/service-areas/,200,true,0,true,true,true,true,present,false,"Electricians Across Sydney & Surrounding Regions",""
mobile-430,430,932,/services/hot-water-system-electrician-sydney/,200,true,0,true,true,true,true,present,false,"Hot Water System Electrician Sydney & Surrounding Regions",""
mobile-430,430,932,/services/split-system-air-conditioning-sydney/,200,true,0,true,true,true,true,present,false,"Air Conditioning Electrician Sydney & Surrounding Regions",""
mobile-430,430,932,/privacy-policy/,200,true,0,true,true,true,true,not-required,false,"Privacy Policy",""
mobile-430,430,932,/terms/,200,true,0,true,true,true,true,not-required,false,"Terms of Use",""
tablet-820,820,1180,/,200,true,0,true,true,true,true,present,false,"Emergency & Level 2 Electrician Sydney",""
tablet-820,820,1180,/about/,200,true,0,true,true,true,true,present,false,"About Evaready Electrical",""
tablet-820,820,1180,/contact/,200,true,0,true,true,true,true,present,false,"Contact Evaready Electrical",""
tablet-820,820,1180,/emergency-electrician-sydney/,200,true,0,true,true,true,true,present,false,"Emergency Electrician Sydney",""
tablet-820,820,1180,/level-2-electrician-sydney/,200,true,0,true,true,true,true,present,false,"Level 2 Electrician Sydney & Surrounding Regions",""
tablet-820,820,1180,/services/,200,true,0,true,true,true,true,present,false,"Electrical Services Sydney & Surrounding Regions",""
tablet-820,820,1180,/service-areas/,200,true,0,true,true,true,true,present,false,"Electricians Across Sydney & Surrounding Regions",""
tablet-820,820,1180,/services/hot-water-system-electrician-sydney/,200,true,0,true,true,true,true,present,false,"Hot Water System Electrician Sydney & Surrounding Regions",""
tablet-820,820,1180,/services/split-system-air-conditioning-sydney/,200,true,0,true,true,true,true,present,false,"Air Conditioning Electrician Sydney & Surrounding Regions",""
tablet-820,820,1180,/privacy-policy/,200,true,0,true,true,true,true,not-required,false,"Privacy Policy",""
tablet-820,820,1180,/terms/,200,true,0,true,true,true,true,not-required,false,"Terms of Use",""
laptop-1366,1366,768,/,200,true,0,true,true,true,true,present,false,"Emergency & Level 2 Electrician Sydney",""
laptop-1366,1366,768,/about/,200,true,0,true,true,true,true,present,false,"About Evaready Electrical",""
laptop-1366,1366,768,/contact/,200,true,0,true,true,true,true,present,false,"Contact Evaready Electrical",""
laptop-1366,1366,768,/emergency-electrician-sydney/,200,true,0,true,true,true,true,present,false,"Emergency Electrician Sydney",""
laptop-1366,1366,768,/level-2-electrician-sydney/,200,true,0,true,true,true,true,present,false,"Level 2 Electrician Sydney & Surrounding Regions",""
laptop-1366,1366,768,/services/,200,true,0,true,true,true,true,present,false,"Electrical Services Sydney & Surrounding Regions",""
laptop-1366,1366,768,/service-areas/,200,true,0,true,true,true,true,present,false,"Electricians Across Sydney & Surrounding Regions",""
laptop-1366,1366,768,/services/hot-water-system-electrician-sydney/,200,true,0,true,true,true,true,present,false,"Hot Water System Electrician Sydney & Surrounding Regions",""
laptop-1366,1366,768,/services/split-system-air-conditioning-sydney/,200,true,0,true,true,true,true,present,false,"Air Conditioning Electrician Sydney & Surrounding Regions",""
laptop-1366,1366,768,/privacy-policy/,200,true,0,true,true,true,true,not-required,false,"Privacy Policy",""
laptop-1366,1366,768,/terms/,200,true,0,true,true,true,true,not-required,false,"Terms of Use",""
desktop-1920,1920,1080,/,200,true,0,true,true,true,true,present,false,"Emergency & Level 2 Electrician Sydney",""
desktop-1920,1920,1080,/about/,200,true,0,true,true,true,true,present,false,"About Evaready Electrical",""
desktop-1920,1920,1080,/contact/,200,true,0,true,true,true,true,present,false,"Contact Evaready Electrical",""
desktop-1920,1920,1080,/emergency-electrician-sydney/,200,true,0,true,true,true,true,present,false,"Emergency Electrician Sydney",""
desktop-1920,1920,1080,/level-2-electrician-sydney/,200,true,0,true,true,true,true,present,false,"Level 2 Electrician Sydney & Surrounding Regions",""
desktop-1920,1920,1080,/services/,200,true,0,true,true,true,true,present,false,"Electrical Services Sydney & Surrounding Regions",""
desktop-1920,1920,1080,/service-areas/,200,true,0,true,true,true,true,present,false,"Electricians Across Sydney & Surrounding Regions",""
desktop-1920,1920,1080,/services/hot-water-system-electrician-sydney/,200,true,0,true,true,true,true,present,false,"Hot Water System Electrician Sydney & Surrounding Regions",""
desktop-1920,1920,1080,/services/split-system-air-conditioning-sydney/,200,true,0,true,true,true,true,present,false,"Air Conditioning Electrician Sydney & Surrounding Regions",""
desktop-1920,1920,1080,/privacy-policy/,200,true,0,true,true,true,true,not-required,false,"Privacy Policy",""
desktop-1920,1920,1080,/terms/,200,true,0,true,true,true,true,not-required,false,"Terms of Use",""