route,viewport,ok,problems
"/evaready-electrical/","390x844","true",""
"/evaready-electrical/about/","390x844","true",""
"/evaready-electrical/contact/","390x844","true",""
"/evaready-electrical/emergency-electrician-sydney/","390x844","true",""
"/evaready-electrical/level-2-electrician-sydney/","390x844","true",""
"/evaready-electrical/services/","390x844","true",""
"/evaready-electrical/services/hot-water-system-electrician-sydney/","390x844","true",""
"/evaready-electrical/services/split-system-air-conditioning-sydney/","390x844","true",""
"/evaready-electrical/services/consumer-mains-sydney/","390x844","true",""
"/evaready-electrical/services/defect-notice-repairs-sydney/","390x844","true",""
"/evaready-electrical/services/point-of-attachment-repairs-sydney/","390x844","true",""
"/evaready-electrical/services/switchboard-upgrades-sydney/","390x844","true",""
"/evaready-electrical/service-areas/","390x844","true",""
"/evaready-electrical/service-areas/canterbury-bankstown-and-inner-south-west/canterbury-bankstown/panania/","390x844","true",""
"/evaready-electrical/service-areas/sydney-city-and-eastern-suburbs/randwick/coogee/","390x844","true",""
"/evaready-electrical/privacy-policy/","390x844","true",""
"/evaready-electrical/terms/","390x844","true",""
"/evaready-electrical/","430x932","true",""
"/evaready-electrical/about/","430x932","true",""
"/evaready-electrical/contact/","430x932","true",""
"/evaready-electrical/emergency-electrician-sydney/","430x932","true",""
"/evaready-electrical/level-2-electrician-sydney/","430x932","true",""
"/evaready-electrical/services/","430x932","true",""
"/evaready-electrical/services/hot-water-system-electrician-sydney/","430x932","true",""
"/evaready-electrical/services/split-system-air-conditioning-sydney/","430x932","true",""
"/evaready-electrical/services/consumer-mains-sydney/","430x932","true",""
"/evaready-electrical/services/defect-notice-repairs-sydney/","430x932","true",""
"/evaready-electrical/services/point-of-attachment-repairs-sydney/","430x932","true",""
"/evaready-electrical/services/switchboard-upgrades-sydney/","430x932","true",""
"/evaready-electrical/service-areas/","430x932","true",""
"/evaready-electrical/service-areas/canterbury-bankstown-and-inner-south-west/canterbury-bankstown/panania/","430x932","true",""
"/evaready-electrical/service-areas/sydney-city-and-eastern-suburbs/randwick/coogee/","430x932","true",""
"/evaready-electrical/privacy-policy/","430x932","true",""
"/evaready-electrical/terms/","430x932","true",""
"/evaready-electrical/","768x1024","true",""
"/evaready-electrical/about/","768x1024","true",""
"/evaready-electrical/contact/","768x1024","true",""
"/evaready-electrical/emergency-electrician-sydney/","768x1024","true",""
"/evaready-electrical/level-2-electrician-sydney/","768x1024","true",""
"/evaready-electrical/services/","768x1024","true",""
"/evaready-electrical/services/hot-water-system-electrician-sydney/","768x1024","true",""
"/evaready-electrical/services/split-system-air-conditioning-sydney/","768x1024","true",""
"/evaready-electrical/services/consumer-mains-sydney/","768x1024","true",""
"/evaready-electrical/services/defect-notice-repairs-sydney/","768x1024","true",""
"/evaready-electrical/services/point-of-attachment-repairs-sydney/","768x1024","true",""
"/evaready-electrical/services/switchboard-upgrades-sydney/","768x1024","true",""
"/evaready-electrical/service-areas/","768x1024","true",""
"/evaready-electrical/service-areas/canterbury-bankstown-and-inner-south-west/canterbury-bankstown/panania/","768x1024","true",""
"/evaready-electrical/service-areas/sydney-city-and-eastern-suburbs/randwick/coogee/","768x1024","true",""
"/evaready-electrical/privacy-policy/","768x1024","true",""
"/evaready-electrical/terms/","768x1024","true",""
"/evaready-electrical/","1366x768","true",""
"/evaready-electrical/about/","1366x768","true",""
"/evaready-electrical/contact/","1366x768","true",""
"/evaready-electrical/emergency-electrician-sydney/","1366x768","true",""
"/evaready-electrical/level-2-electrician-sydney/","1366x768","true",""
"/evaready-electrical/services/","1366x768","true",""
"/evaready-electrical/services/hot-water-system-electrician-sydney/","1366x768","true",""
"/evaready-electrical/services/split-system-air-conditioning-sydney/","1366x768","true",""
"/evaready-electrical/services/consumer-mains-sydney/","1366x768","true",""
"/evaready-electrical/services/defect-notice-repairs-sydney/","1366x768","true",""
"/evaready-electrical/services/point-of-attachment-repairs-sydney/","1366x768","true",""
"/evaready-electrical/services/switchboard-upgrades-sydney/","1366x768","true",""
"/evaready-electrical/service-areas/","1366x768","true",""
"/evaready-electrical/service-areas/canterbury-bankstown-and-inner-south-west/canterbury-bankstown/panania/","1366x768","true",""
"/evaready-electrical/service-areas/sydney-city-and-eastern-suburbs/randwick/coogee/","1366x768","true",""
"/evaready-electrical/privacy-policy/","1366x768","true",""
"/evaready-electrical/terms/","1366x768","true",""
"/evaready-electrical/","1920x1080","true",""
"/evaready-electrical/about/","1920x1080","true",""
"/evaready-electrical/contact/","1920x1080","true",""
"/evaready-electrical/emergency-electrician-sydney/","1920x1080","true",""
"/evaready-electrical/level-2-electrician-sydney/","1920x1080","true",""
"/evaready-electrical/services/","1920x1080","true",""
"/evaready-electrical/services/hot-water-system-electrician-sydney/","1920x1080","true",""
"/evaready-electrical/services/split-system-air-conditioning-sydney/","1920x1080","true",""
"/evaready-electrical/services/consumer-mains-sydney/","1920x1080","true",""
"/evaready-electrical/services/defect-notice-repairs-sydney/","1920x1080","true",""
"/evaready-electrical/services/point-of-attachment-repairs-sydney/","1920x1080","true",""
"/evaready-electrical/services/switchboard-upgrades-sydney/","1920x1080","true",""
"/evaready-electrical/service-areas/","1920x1080","true",""
"/evaready-electrical/service-areas/canterbury-bankstown-and-inner-south-west/canterbury-bankstown/panania/","1920x1080","true",""
"/evaready-electrical/service-areas/sydney-city-and-eastern-suburbs/randwick/coogee/","1920x1080","true",""
"/evaready-electrical/privacy-policy/","1920x1080","true",""
"/evaready-electrical/terms/","1920x1080","true",""