source,href,target,type,status,result,notes
https://c0d312.github.io/evaready-electrical/_not-found/,/evaready-electrical/,https://c0d312.github.io/evaready-electrical/,internal,200,PASS,
https://c0d312.github.io/evaready-electrical/_not-found/,/evaready-electrical/,https://c0d312.github.io/evaready-electrical/,internal,200,PASS,
https://c0d312.github.io/evaready-electrical/_not-found/,/evaready-electrical/_next/static/chunks/008_ypn8x28s~.css,https://c0d312.github.io/evaready-electrical/_next/static/chunks/008_ypn8x28s~.css,asset,200,PASS,
https://c0d312.github.io/evaready-electrical/_not-found/,/evaready-electrical/_next/static/chunks/03~yq9q893hmn.js,https://c0d312.github.io/evaready-electrical/_next/static/chunks/03~yq9q893hmn.js,asset,200,PASS,
https://c0d312.github.io/evaready-electrical/_not-found/,/evaready-electrical/_next/static/chunks/0d3shmwh5_nmn.js,https://c0d312.github.io/evaready-electrical/_next/static/chunks/0d3shmwh5_nmn.js,asset,200,PASS,
https://c0d312.github.io/evaready-electrical/_not-found/,/evaready-electrical/_next/static/chunks/0m_p1bxtorv5i.js,https://c0d312.github.io/evaready-electrical/_next/static/chunks/0m_p1bxtorv5i.js,asset,200,PASS,
https://c0d312.github.io/evaready-electrical/_not-found/,/evaready-electrical/_next/static/chunks/0o~zs.oqstzl5.js,https://c0d312.github.io/evaready-electrical/_next/static/chunks/0o~zs.oqstzl5.js,asset,200,PASS,
https://c0d312.github.io/evaready-electrical/_not-found/,/evaready-electrical/_next/static/chunks/0rsne526mb78l.js,https://c0d312.github.io/evaready-electrical/_next/static/chunks/0rsne526mb78l.js,asset,200,PASS,
https://c0d312.github.io/evaready-electrical/_not-found/,/evaready-electrical/_next/static/chunks/0v3.q0g69l7p9.js,https://c0d312.github.io/evaready-electrical/_next/static/chunks/0v3.q0g69l7p9.js,asset,200,PASS,
https://c0d312.github.io/evaready-electrical/_not-found/,/evaready-electrical/_next/static/chunks/0v3.q0g69l7p9.js,https://c0d312.github.io/evaready-electrical/_next/static/chunks/0v3.q0g69l7p9.js,asset,200,PASS,
https://c0d312.github.io/evaready-electrical/_not-found/,/evaready-electrical/_next/static/chunks/0yozxosm9gr4y.js,https://c0d312.github.io/evaready-electrical/_next/static/chunks/0yozxosm9gr4y.js,asset,200,PASS,
https://c0d312.github.io/evaready-electrical/_not-found/,/evaready-electrical/_next/static/chunks/turbopack-07u1.dqdd8aj2.js,https://c0d312.github.io/evaready-electrical/_next/static/chunks/turbopack-07u1.dqdd8aj2.js,asset,200,PASS,
https://c0d312.github.io/evaready-electrical/_not-found/,/evaready-electrical/apple-icon.png,https://c0d312.github.io/evaready-electrical/apple-icon.png,asset,200,PASS,
https://c0d312.github.io/evaready-electrical/_not-found/,/evaready-electrical/electrical-faults/,https://c0d312.github.io/evaready-electrical/electrical-faults/,internal,200,PASS,
https://c0d312.github.io/evaready-electrical/_not-found/,/evaready-electrical/electrical-faults/,https://c0d312.github.io/evaready-electrical/electrical-faults/,internal,200,PASS,
https://c0d312.github.io/evaready-electrical/_not-found/,/evaready-electrical/electrical-faults/burning-smell-from-switchboard/,https://c0d312.github.io/evaready-electrical/electrical-faults/burning-smell-from-switchboard/,internal,200,PASS,
https://c0d312.github.io/evaready-electrical/_not-found/,/evaready-electrical/electrical-faults/no-power-to-house/,https://c0d312.github.io/evaready-electrical/electrical-faults/no-power-to-house/,internal,200,PASS,
https://c0d312.github.io/evaready-electrical/_not-found/,/evaready-electrical/electrical-faults/safety-switch-keeps-tripping/,https://c0d312.github.io/evaready-electrical/electrical-faults/safety-switch-keeps-tripping/,internal,200,PASS,
https://c0d312.github.io/evaready-electrical/_not-found/,/evaready-electrical/emergency-electrician-sydney/,https://c0d312.github.io/evaready-electrical/emergency-electrician-sydney/,internal,200,PASS,
https://c0d312.github.io/evaready-electrical/_not-found/,/evaready-electrical/emergency-electrician-sydney/,https://c0d312.github.io/evaready-electrical/emergency-electrician-sydney/,internal,200,PASS,
https://c0d312.github.io/evaready-electrical/_not-found/,/evaready-electrical/favicon.ico,https://c0d312.github.io/evaready-electrical/favicon.ico,asset,200,PASS,
https://c0d312.github.io/evaready-electrical/_not-found/,/evaready-electrical/icon.png,https://c0d312.github.io/evaready-electrical/icon.png,asset,200,PASS,
https://c0d312.github.io/evaready-electrical/_not-found/,/evaready-electrical/images/evareadyelectrical-logo.webp,https://c0d312.github.io/evaready-electrical/images/evareadyelectrical-logo.webp,asset,200,PASS,
https://c0d312.github.io/evaready-electrical/_not-found/,/evaready-electrical/images/evareadyelectrical-logo.webp,https://c0d312.github.io/evaready-electrical/images/evareadyelectrical-logo.webp,asset,200,PASS,
https://c0d312.github.io/evaready-electrical/_not-found/,/evaready-electrical/images/evareadyelectrical-logo.webp,https://c0d312.github.io/evaready-electrical/images/evareadyelectrical-logo.webp,asset,200,PASS,
https://c0d312.github.io/evaready-electrical/_not-found/,/evaready-electrical/level-2-electrician-sydney/,https://c0d312.github.io/evaready-electrical/level-2-electrician-sydney/,internal,200,PASS,
https://c0d312.github.io/evaready-electrical/_not-found/,/evaready-electrical/level-2-electrician-sydney/,https://c0d312.github.io/evaready-electrical/level-2-electrician-sydney/,internal,200,PASS,
https://c0d312.github.io/evaready-electrical/_not-found/,/evaready-electrical/privacy-policy/,https://c0d312.github.io/evaready-electrical/privacy-policy/,internal,200,PASS,
https://c0d312.github.io/evaready-electrical/_not-found/,/evaready-electrical/service-areas/,https://c0d312.github.io/evaready-electrical/service-areas/,internal,200,PASS,
https://c0d312.github.io/evaready-electrical/_not-found/,/evaready-electrical/service-areas/,https://c0d312.github.io/evaready-electrical/service-areas/,internal,200,PASS,
https://c0d312.github.io/evaready-electrical/_not-found/,/evaready-electrical/service-areas/,https://c0d312.github.io/evaready-electrical/service-areas/,internal,200,PASS,
https://c0d312.github.io/evaready-electrical/_not-found/,/evaready-electrical/service-areas/st-george-and-bayside/,https://c0d312.github.io/evaready-electrical/service-areas/st-george-and-bayside/,internal,200,PASS,
https://c0d312.github.io/evaready-electrical/_not-found/,/evaready-electrical/service-areas/sutherland-shire/,https://c0d312.github.io/evaready-electrical/service-areas/sutherland-shire/,internal,200,PASS,
https://c0d312.github.io/evaready-electrical/_not-found/,/evaready-electrical/service-areas/wollongong-and-illawarra/,https://c0d312.github.io/evaready-electrical/service-areas/wollongong-and-illawarra/,internal,200,PASS,
https://c0d312.github.io/evaready-electrical/_not-found/,/evaready-electrical/services/,https://c0d312.github.io/evaready-electrical/services/,internal,200,PASS,
https://c0d312.github.io/evaready-electrical/_not-found/,/evaready-electrical/services/cctv-security-camera-installation-sydney/,https://c0d312.github.io/evaready-electrical/services/cctv-security-camera-installation-sydney/,internal,200,PASS,
https://c0d312.github.io/evaready-electrical/_not-found/,/evaready-electrical/services/commercial-electrician-sydney/,https://c0d312.github.io/evaready-electrical/services/commercial-electrician-sydney/,internal,200,PASS,
https://c0d312.github.io/evaready-electrical/_not-found/,/evaready-electrical/services/consumer-mains-sydney/,https://c0d312.github.io/evaready-electrical/services/consumer-mains-sydney/,internal,200,PASS,
https://c0d312.github.io/evaready-electrical/_not-found/,/evaready-electrical/services/defect-notice-repairs-sydney/,https://c0d312.github.io/evaready-electrical/services/defect-notice-repairs-sydney/,internal,200,PASS,
https://c0d312.github.io/evaready-electrical/_not-found/,/evaready-electrical/services/electrical-fault-finding-sydney/,https://c0d312.github.io/evaready-electrical/services/electrical-fault-finding-sydney/,internal,200,PASS,
https://c0d312.github.io/evaready-electrical/_not-found/,/evaready-electrical/services/hot-water-system-electrician-sydney/,https://c0d312.github.io/evaready-electrical/services/hot-water-system-electrician-sydney/,internal,200,PASS,
https://c0d312.github.io/evaready-electrical/_not-found/,/evaready-electrical/services/hot-water-system-electrician-sydney/,https://c0d312.github.io/evaready-electrical/services/hot-water-system-electrician-sydney/,internal,200,PASS,
https://c0d312.github.io/evaready-electrical/_not-found/,/evaready-electrical/services/metering-services-sydney/,https://c0d312.github.io/evaready-electrical/services/metering-services-sydney/,internal,200,PASS,
https://c0d312.github.io/evaready-electrical/_not-found/,/evaready-electrical/services/safety-switch-rcd-installation-sydney/,https://c0d312.github.io/evaready-electrical/services/safety-switch-rcd-installation-sydney/,internal,200,PASS,
https://c0d312.github.io/evaready-electrical/_not-found/,/evaready-electrical/services/split-system-air-conditioning-sydney/,https://c0d312.github.io/evaready-electrical/services/split-system-air-conditioning-sydney/,internal,200,PASS,
https://c0d312.github.io/evaready-electrical/_not-found/,/evaready-electrical/services/split-system-air-conditioning-sydney/,https://c0d312.github.io/evaready-electrical/services/split-system-air-conditioning-sydney/,internal,200,PASS,
https://c0d312.github.io/evaready-electrical/_not-found/,/evaready-electrical/services/storm-damage-electrician-sydney/,https://c0d312.github.io/evaready-electrical/services/storm-damage-electrician-sydney/,internal,200,PASS,
https://c0d312.github.io/evaready-electrical/_not-found/,/evaready-electrical/services/switchboard-upgrades-sydney/,https://c0d312.github.io/evaready-electrical/services/switchboard-upgrades-sydney/,internal,200,PASS,
https://c0d312.github.io/evaready-electrical/_not-found/,/evaready-electrical/sitemap.xml,https://c0d312.github.io/evaready-electrical/sitemap.xml,asset,200,PASS,
https://c0d312.github.io/evaready-electrical/_not-found/,/evaready-electrical/terms/,https://c0d312.github.io/evaready-electrical/terms/,internal,200,PASS,
https://c0d312.github.io/evaready-electrical/_not-found/,https://book.servicem8.com/request_booking?uuid=78c2a862-45cf-413b-8ca5-1bf6d8f8944b,https://book.servicem8.com/request_booking?uuid=78c2a862-45cf-413b-8ca5-1bf6d8f8944b,external,,PASS,
https://c0d312.github.io/evaready-electrical/_not-found/,https://book.servicem8.com/request_booking?uuid=78c2a862-45cf-413b-8ca5-1bf6d8f8944b,https://book.servicem8.com/request_booking?uuid=78c2a862-45cf-413b-8ca5-1bf6d8f8944b,external,,PASS,
https://c0d312.github.io/evaready-electrical/_not-found/,https://book.servicem8.com/request_booking?uuid=78c2a862-45cf-413b-8ca5-1bf6d8f8944b,https://book.servicem8.com/request_booking?uuid=78c2a862-45cf-413b-8ca5-1bf6d8f8944b,external,,PASS,
https://c0d312.github.io/evaready-electrical/_not-found/,https://book.servicem8.com/request_booking?uuid=78c2a862-45cf-413b-8ca5-1bf6d8f8944b,https://book.servicem8.com/request_booking?uuid=78c2a862-45cf-413b-8ca5-1bf6d8f8944b,external,,PASS,
https://c0d312.github.io/evaready-electrical/_not-found/,https://c0d312.github.io/evaready-electrical/,https://c0d312.github.io/evaready-electrical/,internal,200,PASS,
https://c0d312.github.io/evaready-electrical/_not-found/,https://www.googletagmanager.com/gtag/js?id=AW-18165545331,https://www.googletagmanager.com/gtag/js?id=AW-18165545331,external,,PASS,
https://c0d312.github.io/evaready-electrical/_not-found/,mailto:info@evareadyelectrical.com.au,mailto:info@evareadyelectrical.com.au,mailto,,PASS,
https://c0d312.github.io/evaready-electrical/_not-found/,tel:+61461247247,tel:+61461247247,tel,,PASS,
https://c0d312.github.io/evaready-electrical/_not-found/,tel:+61461247247,tel:+61461247247,tel,,PASS,
https://c0d312.github.io/evaready-electrical/_not-found/,tel:+61461247247,tel:+61461247247,tel,,PASS,
https://c0d312.github.io/evaready-electrical/_not-found/,tel:+61461247247,tel:+61461247247,tel,,PASS,
https://c0d312.github.io/evaready-electrical/404.html,/evaready-electrical/,https://c0d312.github.io/evaready-electrical/,internal,200,PASS,
https://c0d312.github.io/evaready-electrical/404.html,/evaready-electrical/,https://c0d312.github.io/evaready-electrical/,internal,200,PASS,
https://c0d312.github.io/evaready-electrical/404.html,/evaready-electrical/_next/static/chunks/008_ypn8x28s~.css,https://c0d312.github.io/evaready-electrical/_next/static/chunks/008_ypn8x28s~.css,asset,200,PASS,
https://c0d312.github.io/evaready-electrical/404.html,/evaready-electrical/_next/static/chunks/03~yq9q893hmn.js,https://c0d312.github.io/evaready-electrical/_next/static/chunks/03~yq9q893hmn.js,asset,200,PASS,
https://c0d312.github.io/evaready-electrical/404.html,/evaready-electrical/_next/static/chunks/0d3shmwh5_nmn.js,https://c0d312.github.io/evaready-electrical/_next/static/chunks/0d3shmwh5_nmn.js,asset,200,PASS,
https://c0d312.github.io/evaready-electrical/404.html,/evaready-electrical/_next/static/chunks/0m_p1bxtorv5i.js,https://c0d312.github.io/evaready-electrical/_next/static/chunks/0m_p1bxtorv5i.js,asset,200,PASS,
https://c0d312.github.io/evaready-electrical/404.html,/evaready-electrical/_next/static/chunks/0o~zs.oqstzl5.js,https://c0d312.github.io/evaready-electrical/_next/static/chunks/0o~zs.oqstzl5.js,asset,200,PASS,
https://c0d312.github.io/evaready-electrical/404.html,/evaready-electrical/_next/static/chunks/0rsne526mb78l.js,https://c0d312.github.io/evaready-electrical/_next/static/chunks/0rsne526mb78l.js,asset,200,PASS,
https://c0d312.github.io/evaready-electrical/404.html,/evaready-electrical/_next/static/chunks/0v3.q0g69l7p9.js,https://c0d312.github.io/evaready-electrical/_next/static/chunks/0v3.q0g69l7p9.js,asset,200,PASS,
https://c0d312.github.io/evaready-electrical/404.html,/evaready-electrical/_next/static/chunks/0v3.q0g69l7p9.js,https://c0d312.github.io/evaready-electrical/_next/static/chunks/0v3.q0g69l7p9.js,asset,200,PASS,
https://c0d312.github.io/evaready-electrical/404.html,/evaready-electrical/_next/static/chunks/0yozxosm9gr4y.js,https://c0d312.github.io/evaready-electrical/_next/static/chunks/0yozxosm9gr4y.js,asset,200,PASS,
https://c0d312.github.io/evaready-electrical/404.html,/evaready-electrical/_next/static/chunks/turbopack-07u1.dqdd8aj2.js,https://c0d312.github.io/evaready-electrical/_next/static/chunks/turbopack-07u1.dqdd8aj2.js,asset,200,PASS,
https://c0d312.github.io/evaready-electrical/404.html,/evaready-electrical/apple-icon.png,https://c0d312.github.io/evaready-electrical/apple-icon.png,asset,200,PASS,
https://c0d312.github.io/evaready-electrical/404.html,/evaready-electrical/electrical-faults/,https://c0d312.github.io/evaready-electrical/electrical-faults/,internal,200,PASS,
https://c0d312.github.io/evaready-electrical/404.html,/evaready-electrical/electrical-faults/,https://c0d312.github.io/evaready-electrical/electrical-faults/,internal,200,PASS,
https://c0d312.github.io/evaready-electrical/404.html,/evaready-electrical/electrical-faults/burning-smell-from-switchboard/,https://c0d312.github.io/evaready-electrical/electrical-faults/burning-smell-from-switchboard/,internal,200,PASS,
https://c0d312.github.io/evaready-electrical/404.html,/evaready-electrical/electrical-faults/no-power-to-house/,https://c0d312.github.io/evaready-electrical/electrical-faults/no-power-to-house/,internal,200,PASS,
https://c0d312.github.io/evaready-electrical/404.html,/evaready-electrical/electrical-faults/safety-switch-keeps-tripping/,https://c0d312.github.io/evaready-electrical/electrical-faults/safety-switch-keeps-tripping/,internal,200,PASS,
https://c0d312.github.io/evaready-electrical/404.html,/evaready-electrical/emergency-electrician-sydney/,https://c0d312.github.io/evaready-electrical/emergency-electrician-sydney/,internal,200,PASS,
https://c0d312.github.io/evaready-electrical/404.html,/evaready-electrical/emergency-electrician-sydney/,https://c0d312.github.io/evaready-electrical/emergency-electrician-sydney/,internal,200,PASS,
https://c0d312.github.io/evaready-electrical/404.html,/evaready-electrical/favicon.ico,https://c0d312.github.io/evaready-electrical/favicon.ico,asset,200,PASS,
https://c0d312.github.io/evaready-electrical/404.html,/evaready-electrical/icon.png,https://c0d312.github.io/evaready-electrical/icon.png,asset,200,PASS,
https://c0d312.github.io/evaready-electrical/404.html,/evaready-electrical/images/evareadyelectrical-logo.webp,https://c0d312.github.io/evaready-electrical/images/evareadyelectrical-logo.webp,asset,200,PASS,
https://c0d312.github.io/evaready-electrical/404.html,/evaready-electrical/images/evareadyelectrical-logo.webp,https://c0d312.github.io/evaready-electrical/images/evareadyelectrical-logo.webp,asset,200,PASS,
https://c0d312.github.io/evaready-electrical/404.html,/evaready-electrical/images/evareadyelectrical-logo.webp,https://c0d312.github.io/evaready-electrical/images/evareadyelectrical-logo.webp,asset,200,PASS,
https://c0d312.github.io/evaready-electrical/404.html,/evaready-electrical/level-2-electrician-sydney/,https://c0d312.github.io/evaready-electrical/level-2-electrician-sydney/,internal,200,PASS,
https://c0d312.github.io/evaready-electrical/404.html,/evaready-electrical/level-2-electrician-sydney/,https://c0d312.github.io/evaready-electrical/level-2-electrician-sydney/,internal,200,PASS,
https://c0d312.github.io/evaready-electrical/404.html,/evaready-electrical/privacy-policy/,https://c0d312.github.io/evaready-electrical/privacy-policy/,internal,200,PASS,
https://c0d312.github.io/evaready-electrical/404.html,/evaready-electrical/service-areas/,https://c0d312.github.io/evaready-electrical/service-areas/,internal,200,PASS,
https://c0d312.github.io/evaready-electrical/404.html,/evaready-electrical/service-areas/,https://c0d312.github.io/evaready-electrical/service-areas/,internal,200,PASS,
https://c0d312.github.io/evaready-electrical/404.html,/evaready-electrical/service-areas/,https://c0d312.github.io/evaready-electrical/service-areas/,internal,200,PASS,
https://c0d312.github.io/evaready-electrical/404.html,/evaready-electrical/service-areas/st-george-and-bayside/,https://c0d312.github.io/evaready-electrical/service-areas/st-george-and-bayside/,internal,200,PASS,
https://c0d312.github.io/evaready-electrical/404.html,/evaready-electrical/service-areas/sutherland-shire/,https://c0d312.github.io/evaready-electrical/service-areas/sutherland-shire/,internal,200,PASS,
https://c0d312.github.io/evaready-electrical/404.html,/evaready-electrical/service-areas/wollongong-and-illawarra/,https://c0d312.github.io/evaready-electrical/service-areas/wollongong-and-illawarra/,internal,200,PASS,
https://c0d312.github.io/evaready-electrical/404.html,/evaready-electrical/services/,https://c0d312.github.io/evaready-electrical/services/,internal,200,PASS,
https://c0d312.github.io/evaready-electrical/404.html,/evaready-electrical/services/cctv-security-camera-installation-sydney/,https://c0d312.github.io/evaready-electrical/services/cctv-security-camera-installation-sydney/,internal,200,PASS,
https://c0d312.github.io/evaready-electrical/404.html,/evaready-electrical/services/commercial-electrician-sydney/,https://c0d312.github.io/evaready-electrical/services/commercial-electrician-sydney/,internal,200,PASS,
https://c0d312.github.io/evaready-electrical/404.html,/evaready-electrical/services/consumer-mains-sydney/,https://c0d312.github.io/evaready-electrical/services/consumer-mains-sydney/,internal,200,PASS,
https://c0d312.github.io/evaready-electrical/404.html,/evaready-electrical/services/defect-notice-repairs-sydney/,https://c0d312.github.io/evaready-electrical/services/defect-notice-repairs-sydney/,internal,200,PASS,
https://c0d312.github.io/evaready-electrical/404.html,/evaready-electrical/services/electrical-fault-finding-sydney/,https://c0d312.github.io/evaready-electrical/services/electrical-fault-finding-sydney/,internal,200,PASS,
https://c0d312.github.io/evaready-electrical/404.html,/evaready-electrical/services/hot-water-system-electrician-sydney/,https://c0d312.github.io/evaready-electrical/services/hot-water-system-electrician-sydney/,internal,200,PASS,
https://c0d312.github.io/evaready-electrical/404.html,/evaready-electrical/services/hot-water-system-electrician-sydney/,https://c0d312.github.io/evaready-electrical/services/hot-water-system-electrician-sydney/,internal,200,PASS,
https://c0d312.github.io/evaready-electrical/404.html,/evaready-electrical/services/metering-services-sydney/,https://c0d312.github.io/evaready-electrical/services/metering-services-sydney/,internal,200,PASS,
https://c0d312.github.io/evaready-electrical/404.html,/evaready-electrical/services/safety-switch-rcd-installation-sydney/,https://c0d312.github.io/evaready-electrical/services/safety-switch-rcd-installation-sydney/,internal,200,PASS,
https://c0d312.github.io/evaready-electrical/404.html,/evaready-electrical/services/split-system-air-conditioning-sydney/,https://c0d312.github.io/evaready-electrical/services/split-system-air-conditioning-sydney/,internal,200,PASS,
https://c0d312.github.io/evaready-electrical/404.html,/evaready-electrical/services/split-system-air-conditioning-sydney/,https://c0d312.github.io/evaready-electrical/services/split-system-air-conditioning-sydney/,internal,200,PASS,
https://c0d312.github.io/evaready-electrical/404.html,/evaready-electrical/services/storm-damage-electrician-sydney/,https://c0d312.github.io/evaready-electrical/services/storm-damage-electrician-sydney/,internal,200,PASS,
https://c0d312.github.io/evaready-electrical/404.html,/evaready-electrical/services/switchboard-upgrades-sydney/,https://c0d312.github.io/evaready-electrical/services/switchboard-upgrades-sydney/,internal,200,PASS,
https://c0d312.github.io/evaready-electrical/404.html,/evaready-electrical/sitemap.xml,https://c0d312.github.io/evaready-electrical/sitemap.xml,asset,200,PASS,
https://c0d312.github.io/evaready-electrical/404.html,/evaready-electrical/terms/,https://c0d312.github.io/evaready-electrical/terms/,internal,200,PASS,
https://c0d312.github.io/evaready-electrical/404.html,https://book.servicem8.com/request_booking?uuid=78c2a862-45cf-413b-8ca5-1bf6d8f8944b,https://book.servicem8.com/request_booking?uuid=78c2a862-45cf-413b-8ca5-1bf6d8f8944b,external,,PASS,
https://c0d312.github.io/evaready-electrical/404.html,https://book.servicem8.com/request_booking?uuid=78c2a862-45cf-413b-8ca5-1bf6d8f8944b,https://book.servicem8.com/request_booking?uuid=78c2a862-45cf-413b-8ca5-1bf6d8f8944b,external,,PASS,
https://c0d312.github.io/evaready-electrical/404.html,https://book.servicem8.com/request_booking?uuid=78c2a862-45cf-413b-8ca5-1bf6d8f8944b,https://book.servicem8.com/request_booking?uuid=78c2a862-45cf-413b-8ca5-1bf6d8f8944b,external,,PASS,
https://c0d312.github.io/evaready-electrical/404.html,https://book.servicem8.com/request_booking?uuid=78c2a862-45cf-413b-8ca5-1bf6d8f8944b,https://book.servicem8.com/request_booking?uuid=78c2a862-45cf-413b-8ca5-1bf6d8f8944b,external,,PASS,
https://c0d312.github.io/evaready-electrical/404.html,https://c0d312.github.io/evaready-electrical/,https://c0d312.github.io/evaready-electrical/,internal,200,PASS,
https://c0d312.github.io/evaready-electrical/404.html,https://www.googletagmanager.com/gtag/js?id=AW-18165545331,https://www.googletagmanager.com/gtag/js?id=AW-18165545331,external,,PASS,
https://c0d312.github.io/evaready-electrical/404.html,mailto:info@evareadyelectrical.com.au,mailto:info@evareadyelectrical.com.au,mailto,,PASS,
https://c0d312.github.io/evaready-electrical/404.html,tel:+61461247247,tel:+61461247247,tel,,PASS,
https://c0d312.github.io/evaready-electrical/404.html,tel:+61461247247,tel:+61461247247,tel,,PASS,
https://c0d312.github.io/evaready-electrical/404.html,tel:+61461247247,tel:+61461247247,tel,,PASS,
https://c0d312.github.io/evaready-electrical/404.html,tel:+61461247247,tel:+61461247247,tel,,PASS,