browser,coverage,route,viewport,http,cssLoads,horizontalOverflow,headerFits,logoVisible,callNowNotCut,getQuoteNotCut,heroTextReadable,vanVisible,cardsReadable,formsReadable,footerReadable,stickyCtaCoversContent,googleCardStyled,clippedCards,weakText,scrollWidth,clientWidth,notes
chromium,full,/,1024x768,200,true,false,true,true,true,true,true,true,true,true,true,false,true,0,0,1024,1024,
chromium,full,/emergency-electrician-sydney/,1024x768,200,true,false,true,true,true,true,true,true,true,true,true,false,true,0,0,1024,1024,
chromium,full,/level-2-electrician-sydney/,1024x768,200,true,false,true,true,true,true,true,true,true,true,true,false,true,0,0,1024,1024,
chromium,full,/services/,1024x768,200,true,false,true,true,true,true,true,true,true,true,true,false,true,0,0,1024,1024,
chromium,full,/service-areas/,1024x768,200,true,false,true,true,true,true,true,true,true,true,true,false,true,0,0,1024,1024,
chromium,full,/services/hot-water-system-electrician-sydney/,1024x768,200,true,false,true,true,true,true,true,true,true,true,true,false,true,0,0,1024,1024,
chromium,full,/services/split-system-air-conditioning-sydney/,1024x768,200,true,false,true,true,true,true,true,true,true,true,true,false,true,0,0,1024,1024,
chromium,full,/services/switchboard-upgrades-sydney/,1024x768,200,true,false,true,true,true,true,true,true,true,true,true,false,true,0,0,1024,1024,
chromium,full,/service-areas/canterbury-bankstown-and-inner-south-west/canterbury-bankstown/panania/,1024x768,200,true,false,true,true,true,true,true,true,true,true,true,false,true,0,0,1024,1024,
chromium,full,/privacy-policy/,1024x768,200,true,false,true,true,true,true,true,true,true,true,true,false,true,0,0,1024,1024,
chromium,full,/terms/,1024x768,200,true,false,true,true,true,true,true,true,true,true,true,false,true,0,0,1024,1024,
chromium,full,/,1180x820,200,true,false,true,true,true,true,true,true,true,true,true,false,true,0,0,1180,1180,
chromium,full,/emergency-electrician-sydney/,1180x820,200,true,false,true,true,true,true,true,true,true,true,true,false,true,0,0,1180,1180,
chromium,full,/level-2-electrician-sydney/,1180x820,200,true,false,true,true,true,true,true,true,true,true,true,false,true,0,0,1180,1180,
chromium,full,/services/,1180x820,200,true,false,true,true,true,true,true,true,true,true,true,false,true,0,0,1180,1180,
chromium,full,/service-areas/,1180x820,200,true,false,true,true,true,true,true,true,true,true,true,false,true,0,0,1180,1180,
chromium,full,/services/hot-water-system-electrician-sydney/,1180x820,200,true,false,true,true,true,true,true,true,true,true,true,false,true,0,0,1180,1180,
chromium,full,/services/split-system-air-conditioning-sydney/,1180x820,200,true,false,true,true,true,true,true,true,true,true,true,false,true,0,0,1180,1180,
chromium,full,/services/switchboard-upgrades-sydney/,1180x820,200,true,false,true,true,true,true,true,true,true,true,true,false,true,0,0,1180,1180,
chromium,full,/service-areas/canterbury-bankstown-and-inner-south-west/canterbury-bankstown/panania/,1180x820,200,true,false,true,true,true,true,true,true,true,true,true,false,true,0,0,1180,1180,
chromium,full,/privacy-policy/,1180x820,200,true,false,true,true,true,true,true,true,true,true,true,false,true,0,0,1180,1180,
chromium,full,/terms/,1180x820,200,true,false,true,true,true,true,true,true,true,true,true,false,true,0,0,1180,1180,
chromium,full,/,1280x720,200,true,false,true,true,true,true,true,true,true,true,true,false,true,0,0,1280,1280,
chromium,full,/emergency-electrician-sydney/,1280x720,200,true,false,true,true,true,true,true,true,true,true,true,false,true,0,0,1280,1280,
chromium,full,/level-2-electrician-sydney/,1280x720,200,true,false,true,true,true,true,true,true,true,true,true,false,true,0,0,1280,1280,
chromium,full,/services/,1280x720,200,true,false,true,true,true,true,true,true,true,true,true,false,true,0,0,1280,1280,
chromium,full,/service-areas/,1280x720,200,true,false,true,true,true,true,true,true,true,true,true,false,true,0,0,1280,1280,
chromium,full,/services/hot-water-system-electrician-sydney/,1280x720,200,true,false,true,true,true,true,true,true,true,true,true,false,true,0,0,1280,1280,
chromium,full,/services/split-system-air-conditioning-sydney/,1280x720,200,true,false,true,true,true,true,true,true,true,true,true,false,true,0,0,1280,1280,
chromium,full,/services/switchboard-upgrades-sydney/,1280x720,200,true,false,true,true,true,true,true,true,true,true,true,false,true,0,0,1280,1280,
chromium,full,/service-areas/canterbury-bankstown-and-inner-south-west/canterbury-bankstown/panania/,1280x720,200,true,false,true,true,true,true,true,true,true,true,true,false,true,0,0,1280,1280,
chromium,full,/privacy-policy/,1280x720,200,true,false,true,true,true,true,true,true,true,true,true,false,true,0,0,1280,1280,
chromium,full,/terms/,1280x720,200,true,false,true,true,true,true,true,true,true,true,true,false,true,0,0,1280,1280,
chromium,full,/,1366x768,200,true,false,true,true,true,true,true,true,true,true,true,false,true,0,0,1366,1366,
chromium,full,/emergency-electrician-sydney/,1366x768,200,true,false,true,true,true,true,true,true,true,true,true,false,true,0,0,1366,1366,
chromium,full,/level-2-electrician-sydney/,1366x768,200,true,false,true,true,true,true,true,true,true,true,true,false,true,0,0,1366,1366,
chromium,full,/services/,1366x768,200,true,false,true,true,true,true,true,true,true,true,true,false,true,0,0,1366,1366,
chromium,full,/service-areas/,1366x768,200,true,false,true,true,true,true,true,true,true,true,true,false,true,0,0,1366,1366,
chromium,full,/services/hot-water-system-electrician-sydney/,1366x768,200,true,false,true,true,true,true,true,true,true,true,true,false,true,0,0,1366,1366,
chromium,full,/services/split-system-air-conditioning-sydney/,1366x768,200,true,false,true,true,true,true,true,true,true,true,true,false,true,0,0,1366,1366,
chromium,full,/services/switchboard-upgrades-sydney/,1366x768,200,true,false,true,true,true,true,true,true,true,true,true,false,true,0,0,1366,1366,
chromium,full,/service-areas/canterbury-bankstown-and-inner-south-west/canterbury-bankstown/panania/,1366x768,200,true,false,true,true,true,true,true,true,true,true,true,false,true,0,0,1366,1366,
chromium,full,/privacy-policy/,1366x768,200,true,false,true,true,true,true,true,true,true,true,true,false,true,0,0,1366,1366,
chromium,full,/terms/,1366x768,200,true,false,true,true,true,true,true,true,true,true,true,false,true,0,0,1366,1366,
chromium,full,/,1440x900,200,true,false,true,true,true,true,true,true,true,true,true,false,true,0,0,1440,1440,
chromium,full,/emergency-electrician-sydney/,1440x900,200,true,false,true,true,true,true,true,true,true,true,true,false,true,0,0,1440,1440,
chromium,full,/level-2-electrician-sydney/,1440x900,200,true,false,true,true,true,true,true,true,true,true,true,false,true,0,0,1440,1440,
chromium,full,/services/,1440x900,200,true,false,true,true,true,true,true,true,true,true,true,false,true,0,0,1440,1440,
chromium,full,/service-areas/,1440x900,200,true,false,true,true,true,true,true,true,true,true,true,false,true,0,0,1440,1440,
chromium,full,/services/hot-water-system-electrician-sydney/,1440x900,200,true,false,true,true,true,true,true,true,true,true,true,false,true,0,0,1440,1440,
chromium,full,/services/split-system-air-conditioning-sydney/,1440x900,200,true,false,true,true,true,true,true,true,true,true,true,false,true,0,0,1440,1440,
chromium,full,/services/switchboard-upgrades-sydney/,1440x900,200,true,false,true,true,true,true,true,true,true,true,true,false,true,0,0,1440,1440,
chromium,full,/service-areas/canterbury-bankstown-and-inner-south-west/canterbury-bankstown/panania/,1440x900,200,true,false,true,true,true,true,true,true,true,true,true,false,true,0,0,1440,1440,
chromium,full,/privacy-policy/,1440x900,200,true,false,true,true,true,true,true,true,true,true,true,false,true,0,0,1440,1440,
chromium,full,/terms/,1440x900,200,true,false,true,true,true,true,true,true,true,true,true,false,true,0,0,1440,1440,
chromium,full,/,1536x864,200,true,false,true,true,true,true,true,true,true,true,true,false,true,0,0,1536,1536,
chromium,full,/emergency-electrician-sydney/,1536x864,200,true,false,true,true,true,true,true,true,true,true,true,false,true,0,0,1536,1536,
chromium,full,/level-2-electrician-sydney/,1536x864,200,true,false,true,true,true,true,true,true,true,true,true,false,true,0,0,1536,1536,
chromium,full,/services/,1536x864,200,true,false,true,true,true,true,true,true,true,true,true,false,true,0,0,1536,1536,
chromium,full,/service-areas/,1536x864,200,true,false,true,true,true,true,true,true,true,true,true,false,true,0,0,1536,1536,
chromium,full,/services/hot-water-system-electrician-sydney/,1536x864,200,true,false,true,true,true,true,true,true,true,true,true,false,true,0,0,1536,1536,
chromium,full,/services/split-system-air-conditioning-sydney/,1536x864,200,true,false,true,true,true,true,true,true,true,true,true,false,true,0,0,1536,1536,
chromium,full,/services/switchboard-upgrades-sydney/,1536x864,200,true,false,true,true,true,true,true,true,true,true,true,false,true,0,0,1536,1536,
chromium,full,/service-areas/canterbury-bankstown-and-inner-south-west/canterbury-bankstown/panania/,1536x864,200,true,false,true,true,true,true,true,true,true,true,true,false,true,0,0,1536,1536,
chromium,full,/privacy-policy/,1536x864,200,true,false,true,true,true,true,true,true,true,true,true,false,true,0,0,1536,1536,
chromium,full,/terms/,1536x864,200,true,false,true,true,true,true,true,true,true,true,true,false,true,0,0,1536,1536,
chromium,full,/,1600x900,200,true,false,true,true,true,true,true,true,true,true,true,false,true,0,0,1600,1600,
chromium,full,/emergency-electrician-sydney/,1600x900,200,true,false,true,true,true,true,true,true,true,true,true,false,true,0,0,1600,1600,
chromium,full,/level-2-electrician-sydney/,1600x900,200,true,false,true,true,true,true,true,true,true,true,true,false,true,0,0,1600,1600,
chromium,full,/services/,1600x900,200,true,false,true,true,true,true,true,true,true,true,true,false,true,0,0,1600,1600,
chromium,full,/service-areas/,1600x900,200,true,false,true,true,true,true,true,true,true,true,true,false,true,0,0,1600,1600,
chromium,full,/services/hot-water-system-electrician-sydney/,1600x900,200,true,false,true,true,true,true,true,true,true,true,true,false,true,0,0,1600,1600,
chromium,full,/services/split-system-air-conditioning-sydney/,1600x900,200,true,false,true,true,true,true,true,true,true,true,true,false,true,0,0,1600,1600,
chromium,full,/services/switchboard-upgrades-sydney/,1600x900,200,true,false,true,true,true,true,true,true,true,true,true,false,true,0,0,1600,1600,
chromium,full,/service-areas/canterbury-bankstown-and-inner-south-west/canterbury-bankstown/panania/,1600x900,200,true,false,true,true,true,true,true,true,true,true,true,false,true,0,0,1600,1600,
chromium,full,/privacy-policy/,1600x900,200,true,false,true,true,true,true,true,true,true,true,true,false,true,0,0,1600,1600,
chromium,full,/terms/,1600x900,200,true,false,true,true,true,true,true,true,true,true,true,false,true,0,0,1600,1600,
chromium,full,/,1920x1080,200,true,false,true,true,true,true,true,true,true,true,true,false,true,0,0,1920,1920,
chromium,full,/emergency-electrician-sydney/,1920x1080,200,true,false,true,true,true,true,true,true,true,true,true,false,true,0,0,1920,1920,
chromium,full,/level-2-electrician-sydney/,1920x1080,200,true,false,true,true,true,true,true,true,true,true,true,false,true,0,0,1920,1920,
chromium,full,/services/,1920x1080,200,true,false,true,true,true,true,true,true,true,true,true,false,true,0,0,1920,1920,
chromium,full,/service-areas/,1920x1080,200,true,false,true,true,true,true,true,true,true,true,true,false,true,0,0,1920,1920,
chromium,full,/services/hot-water-system-electrician-sydney/,1920x1080,200,true,false,true,true,true,true,true,true,true,true,true,false,true,0,0,1920,1920,
chromium,full,/services/split-system-air-conditioning-sydney/,1920x1080,200,true,false,true,true,true,true,true,true,true,true,true,false,true,0,0,1920,1920,
chromium,full,/services/switchboard-upgrades-sydney/,1920x1080,200,true,false,true,true,true,true,true,true,true,true,true,false,true,0,0,1920,1920,
chromium,full,/service-areas/canterbury-bankstown-and-inner-south-west/canterbury-bankstown/panania/,1920x1080,200,true,false,true,true,true,true,true,true,true,true,true,false,true,0,0,1920,1920,
chromium,full,/privacy-policy/,1920x1080,200,true,false,true,true,true,true,true,true,true,true,true,false,true,0,0,1920,1920,
chromium,full,/terms/,1920x1080,200,true,false,true,true,true,true,true,true,true,true,true,false,true,0,0,1920,1920,
chromium,full,/,768x1024,200,true,false,true,true,true,true,true,true,true,true,true,false,true,0,0,768,768,
chromium,full,/emergency-electrician-sydney/,768x1024,200,true,false,true,true,true,true,true,true,true,true,true,false,true,0,0,768,768,
chromium,full,/level-2-electrician-sydney/,768x1024,200,true,false,true,true,true,true,true,true,true,true,true,false,true,0,0,768,768,
chromium,full,/services/,768x1024,200,true,false,true,true,true,true,true,true,true,true,true,false,true,0,0,768,768,
chromium,full,/service-areas/,768x1024,200,true,false,true,true,true,true,true,true,true,true,true,false,true,0,0,768,768,
chromium,full,/services/hot-water-system-electrician-sydney/,768x1024,200,true,false,true,true,true,true,true,true,true,true,true,false,true,0,0,768,768,
chromium,full,/services/split-system-air-conditioning-sydney/,768x1024,200,true,false,true,true,true,true,true,true,true,true,true,false,true,0,0,768,768,
chromium,full,/services/switchboard-upgrades-sydney/,768x1024,200,true,false,true,true,true,true,true,true,true,true,true,false,true,0,0,768,768,
chromium,full,/service-areas/canterbury-bankstown-and-inner-south-west/canterbury-bankstown/panania/,768x1024,200,true,false,true,true,true,true,true,true,true,true,true,false,true,0,0,768,768,
chromium,full,/privacy-policy/,768x1024,200,true,false,true,true,true,true,true,true,true,true,true,false,true,0,0,768,768,
chromium,full,/terms/,768x1024,200,true,false,true,true,true,true,true,true,true,true,true,false,true,0,0,768,768,
chromium,full,/,820x1180,200,true,false,true,true,true,true,true,true,true,true,true,false,true,0,0,820,820,
chromium,full,/emergency-electrician-sydney/,820x1180,200,true,false,true,true,true,true,true,true,true,true,true,false,true,0,0,820,820,
chromium,full,/level-2-electrician-sydney/,820x1180,200,true,false,true,true,true,true,true,true,true,true,true,false,true,0,0,820,820,
chromium,full,/services/,820x1180,200,true,false,true,true,true,true,true,true,true,true,true,false,true,0,0,820,820,
chromium,full,/service-areas/,820x1180,200,true,false,true,true,true,true,true,true,true,true,true,false,true,0,0,820,820,
chromium,full,/services/hot-water-system-electrician-sydney/,820x1180,200,true,false,true,true,true,true,true,true,true,true,true,false,true,0,0,820,820,
chromium,full,/services/split-system-air-conditioning-sydney/,820x1180,200,true,false,true,true,true,true,true,true,true,true,true,false,true,0,0,820,820,
chromium,full,/services/switchboard-upgrades-sydney/,820x1180,200,true,false,true,true,true,true,true,true,true,true,true,false,true,0,0,820,820,
chromium,full,/service-areas/canterbury-bankstown-and-inner-south-west/canterbury-bankstown/panania/,820x1180,200,true,false,true,true,true,true,true,true,true,true,true,false,true,0,0,820,820,
chromium,full,/privacy-policy/,820x1180,200,true,false,true,true,true,true,true,true,true,true,true,false,true,0,0,820,820,
chromium,full,/terms/,820x1180,200,true,false,true,true,true,true,true,true,true,true,true,false,true,0,0,820,820,
chromium,full,/,834x1194,200,true,false,true,true,true,true,true,true,true,true,true,false,true,0,0,834,834,
chromium,full,/emergency-electrician-sydney/,834x1194,200,true,false,true,true,true,true,true,true,true,true,true,false,true,0,0,834,834,
chromium,full,/level-2-electrician-sydney/,834x1194,200,true,false,true,true,true,true,true,true,true,true,true,false,true,0,0,834,834,
chromium,full,/services/,834x1194,200,true,false,true,true,true,true,true,true,true,true,true,false,true,0,0,834,834,
chromium,full,/service-areas/,834x1194,200,true,false,true,true,true,true,true,true,true,true,true,false,true,0,0,834,834,
chromium,full,/services/hot-water-system-electrician-sydney/,834x1194,200,true,false,true,true,true,true,true,true,true,true,true,false,true,0,0,834,834,
chromium,full,/services/split-system-air-conditioning-sydney/,834x1194,200,true,false,true,true,true,true,true,true,true,true,true,false,true,0,0,834,834,
chromium,full,/services/switchboard-upgrades-sydney/,834x1194,200,true,false,true,true,true,true,true,true,true,true,true,false,true,0,0,834,834,
chromium,full,/service-areas/canterbury-bankstown-and-inner-south-west/canterbury-bankstown/panania/,834x1194,200,true,false,true,true,true,true,true,true,true,true,true,false,true,0,0,834,834,
chromium,full,/privacy-policy/,834x1194,200,true,false,true,true,true,true,true,true,true,true,true,false,true,0,0,834,834,
chromium,full,/terms/,834x1194,200,true,false,true,true,true,true,true,true,true,true,true,false,true,0,0,834,834,
chromium,full,/,912x1368,200,true,false,true,true,true,true,true,true,true,true,true,false,true,0,0,912,912,
chromium,full,/emergency-electrician-sydney/,912x1368,200,true,false,true,true,true,true,true,true,true,true,true,false,true,0,0,912,912,
chromium,full,/level-2-electrician-sydney/,912x1368,200,true,false,true,true,true,true,true,true,true,true,true,false,true,0,0,912,912,
chromium,full,/services/,912x1368,200,true,false,true,true,true,true,true,true,true,true,true,false,true,0,0,912,912,
chromium,full,/service-areas/,912x1368,200,true,false,true,true,true,true,true,true,true,true,true,false,true,0,0,912,912,
chromium,full,/services/hot-water-system-electrician-sydney/,912x1368,200,true,false,true,true,true,true,true,true,true,true,true,false,true,0,0,912,912,
chromium,full,/services/split-system-air-conditioning-sydney/,912x1368,200,true,false,true,true,true,true,true,true,true,true,true,false,true,0,0,912,912,
chromium,full,/services/switchboard-upgrades-sydney/,912x1368,200,true,false,true,true,true,true,true,true,true,true,true,false,true,0,0,912,912,
chromium,full,/service-areas/canterbury-bankstown-and-inner-south-west/canterbury-bankstown/panania/,912x1368,200,true,false,true,true,true,true,true,true,true,true,true,false,true,0,0,912,912,
chromium,full,/privacy-policy/,912x1368,200,true,false,true,true,true,true,true,true,true,true,true,false,true,0,0,912,912,
chromium,full,/terms/,912x1368,200,true,false,true,true,true,true,true,true,true,true,true,false,true,0,0,912,912,
chromium,full,/,1024x1366,200,true,false,true,true,true,true,true,true,true,true,true,false,true,0,0,1024,1024,
chromium,full,/emergency-electrician-sydney/,1024x1366,200,true,false,true,true,true,true,true,true,true,true,true,false,true,0,0,1024,1024,
chromium,full,/level-2-electrician-sydney/,1024x1366,200,true,false,true,true,true,true,true,true,true,true,true,false,true,0,0,1024,1024,
chromium,full,/services/,1024x1366,200,true,false,true,true,true,true,true,true,true,true,true,false,true,0,0,1024,1024,
chromium,full,/service-areas/,1024x1366,200,true,false,true,true,true,true,true,true,true,true,true,false,true,0,0,1024,1024,
chromium,full,/services/hot-water-system-electrician-sydney/,1024x1366,200,true,false,true,true,true,true,true,true,true,true,true,false,true,0,0,1024,1024,
chromium,full,/services/split-system-air-conditioning-sydney/,1024x1366,200,true,false,true,true,true,true,true,true,true,true,true,false,true,0,0,1024,1024,
chromium,full,/services/switchboard-upgrades-sydney/,1024x1366,200,true,false,true,true,true,true,true,true,true,true,true,false,true,0,0,1024,1024,
chromium,full,/service-areas/canterbury-bankstown-and-inner-south-west/canterbury-bankstown/panania/,1024x1366,200,true,false,true,true,true,true,true,true,true,true,true,false,true,0,0,1024,1024,
chromium,full,/privacy-policy/,1024x1366,200,true,false,true,true,true,true,true,true,true,true,true,false,true,0,0,1024,1024,
chromium,full,/terms/,1024x1366,200,true,false,true,true,true,true,true,true,true,true,true,false,true,0,0,1024,1024,
chromium,full,/,1280x800,200,true,false,true,true,true,true,true,true,true,true,true,false,true,0,0,1280,1280,
chromium,full,/emergency-electrician-sydney/,1280x800,200,true,false,true,true,true,true,true,true,true,true,true,false,true,0,0,1280,1280,
chromium,full,/level-2-electrician-sydney/,1280x800,200,true,false,true,true,true,true,true,true,true,true,true,false,true,0,0,1280,1280,
chromium,full,/services/,1280x800,200,true,false,true,true,true,true,true,true,true,true,true,false,true,0,0,1280,1280,
chromium,full,/service-areas/,1280x800,200,true,false,true,true,true,true,true,true,true,true,true,false,true,0,0,1280,1280,
chromium,full,/services/hot-water-system-electrician-sydney/,1280x800,200,true,false,true,true,true,true,true,true,true,true,true,false,true,0,0,1280,1280,
chromium,full,/services/split-system-air-conditioning-sydney/,1280x800,200,true,false,true,true,true,true,true,true,true,true,true,false,true,0,0,1280,1280,
chromium,full,/services/switchboard-upgrades-sydney/,1280x800,200,true,false,true,true,true,true,true,true,true,true,true,false,true,0,0,1280,1280,
chromium,full,/service-areas/canterbury-bankstown-and-inner-south-west/canterbury-bankstown/panania/,1280x800,200,true,false,true,true,true,true,true,true,true,true,true,false,true,0,0,1280,1280,
chromium,full,/privacy-policy/,1280x800,200,true,false,true,true,true,true,true,true,true,true,true,false,true,0,0,1280,1280,
chromium,full,/terms/,1280x800,200,true,false,true,true,true,true,true,true,true,true,true,false,true,0,0,1280,1280,
chromium,full,/,360x800,200,true,false,true,true,true,true,true,true,true,true,true,false,true,0,0,360,360,
chromium,full,/emergency-electrician-sydney/,360x800,200,true,false,true,true,true,true,true,true,true,true,true,false,true,0,0,360,360,
chromium,full,/level-2-electrician-sydney/,360x800,200,true,false,true,true,true,true,true,true,true,true,true,false,true,0,0,360,360,
chromium,full,/services/,360x800,200,true,false,true,true,true,true,true,true,true,true,true,false,true,0,0,360,360,
chromium,full,/service-areas/,360x800,200,true,false,true,true,true,true,true,true,true,true,true,false,true,0,0,360,360,
chromium,full,/services/hot-water-system-electrician-sydney/,360x800,200,true,false,true,true,true,true,true,true,true,true,true,false,true,0,0,360,360,
chromium,full,/services/split-system-air-conditioning-sydney/,360x800,200,true,false,true,true,true,true,true,true,true,true,true,false,true,0,0,360,360,
chromium,full,/services/switchboard-upgrades-sydney/,360x800,200,true,false,true,true,true,true,true,true,true,true,true,false,true,0,0,360,360,
chromium,full,/service-areas/canterbury-bankstown-and-inner-south-west/canterbury-bankstown/panania/,360x800,200,true,false,true,true,true,true,true,true,true,true,true,false,true,0,0,360,360,
chromium,full,/privacy-policy/,360x800,200,true,false,true,true,true,true,true,true,true,true,true,false,true,0,0,360,360,
chromium,full,/terms/,360x800,200,true,false,true,true,true,true,true,true,true,true,true,false,true,0,0,360,360,
chromium,full,/,375x812,200,true,false,true,true,true,true,true,true,true,true,true,false,true,0,0,375,375,
chromium,full,/emergency-electrician-sydney/,375x812,200,true,false,true,true,true,true,true,true,true,true,true,false,true,0,0,375,375,
chromium,full,/level-2-electrician-sydney/,375x812,200,true,false,true,true,true,true,true,true,true,true,true,false,true,0,0,375,375,
chromium,full,/services/,375x812,200,true,false,true,true,true,true,true,true,true,true,true,false,true,0,0,375,375,
chromium,full,/service-areas/,375x812,200,true,false,true,true,true,true,true,true,true,true,true,false,true,0,0,375,375,
chromium,full,/services/hot-water-system-electrician-sydney/,375x812,200,true,false,true,true,true,true,true,true,true,true,true,false,true,0,0,375,375,
chromium,full,/services/split-system-air-conditioning-sydney/,375x812,200,true,false,true,true,true,true,true,true,true,true,true,false,true,0,0,375,375,
chromium,full,/services/switchboard-upgrades-sydney/,375x812,200,true,false,true,true,true,true,true,true,true,true,true,false,true,0,0,375,375,
chromium,full,/service-areas/canterbury-bankstown-and-inner-south-west/canterbury-bankstown/panania/,375x812,200,true,false,true,true,true,true,true,true,true,true,true,false,true,0,0,375,375,
chromium,full,/privacy-policy/,375x812,200,true,false,true,true,true,true,true,true,true,true,true,false,true,0,0,375,375,
chromium,full,/terms/,375x812,200,true,false,true,true,true,true,true,true,true,true,true,false,true,0,0,375,375,
chromium,full,/,390x844,200,true,false,true,true,true,true,true,true,true,true,true,false,true,0,0,390,390,
chromium,full,/emergency-electrician-sydney/,390x844,200,true,false,true,true,true,true,true,true,true,true,true,false,true,0,0,390,390,
chromium,full,/level-2-electrician-sydney/,390x844,200,true,false,true,true,true,true,true,true,true,true,true,false,true,0,0,390,390,
chromium,full,/services/,390x844,200,true,false,true,true,true,true,true,true,true,true,true,false,true,0,0,390,390,
chromium,full,/service-areas/,390x844,200,true,false,true,true,true,true,true,true,true,true,true,false,true,0,0,390,390,
chromium,full,/services/hot-water-system-electrician-sydney/,390x844,200,true,false,true,true,true,true,true,true,true,true,true,false,true,0,0,390,390,
chromium,full,/services/split-system-air-conditioning-sydney/,390x844,200,true,false,true,true,true,true,true,true,true,true,true,false,true,0,0,390,390,
chromium,full,/services/switchboard-upgrades-sydney/,390x844,200,true,false,true,true,true,true,true,true,true,true,true,false,true,0,0,390,390,
chromium,full,/service-areas/canterbury-bankstown-and-inner-south-west/canterbury-bankstown/panania/,390x844,200,true,false,true,true,true,true,true,true,true,true,true,false,true,0,0,390,390,
chromium,full,/privacy-policy/,390x844,200,true,false,true,true,true,true,true,true,true,true,true,false,true,0,0,390,390,
chromium,full,/terms/,390x844,200,true,false,true,true,true,true,true,true,true,true,true,false,true,0,0,390,390,
chromium,full,/,412x915,200,true,false,true,true,true,true,true,true,true,true,true,false,true,0,0,412,412,
chromium,full,/emergency-electrician-sydney/,412x915,200,true,false,true,true,true,true,true,true,true,true,true,false,true,0,0,412,412,
chromium,full,/level-2-electrician-sydney/,412x915,200,true,false,true,true,true,true,true,true,true,true,true,false,true,0,0,412,412,
chromium,full,/services/,412x915,200,true,false,true,true,true,true,true,true,true,true,true,false,true,0,0,412,412,
chromium,full,/service-areas/,412x915,200,true,false,true,true,true,true,true,true,true,true,true,false,true,0,0,412,412,
chromium,full,/services/hot-water-system-electrician-sydney/,412x915,200,true,false,true,true,true,true,true,true,true,true,true,false,true,0,0,412,412,
chromium,full,/services/split-system-air-conditioning-sydney/,412x915,200,true,false,true,true,true,true,true,true,true,true,true,false,true,0,0,412,412,
chromium,full,/services/switchboard-upgrades-sydney/,412x915,200,true,false,true,true,true,true,true,true,true,true,true,false,true,0,0,412,412,
chromium,full,/service-areas/canterbury-bankstown-and-inner-south-west/canterbury-bankstown/panania/,412x915,200,true,false,true,true,true,true,true,true,true,true,true,false,true,0,0,412,412,
chromium,full,/privacy-policy/,412x915,200,true,false,true,true,true,true,true,true,true,true,true,false,true,0,0,412,412,
chromium,full,/terms/,412x915,200,true,false,true,true,true,true,true,true,true,true,true,false,true,0,0,412,412,
chromium,full,/,430x932,200,true,false,true,true,true,true,true,true,true,true,true,false,true,0,0,430,430,
chromium,full,/emergency-electrician-sydney/,430x932,200,true,false,true,true,true,true,true,true,true,true,true,false,true,0,0,430,430,
chromium,full,/level-2-electrician-sydney/,430x932,200,true,false,true,true,true,true,true,true,true,true,true,false,true,0,0,430,430,
chromium,full,/services/,430x932,200,true,false,true,true,true,true,true,true,true,true,true,false,true,0,0,430,430,
chromium,full,/service-areas/,430x932,200,true,false,true,true,true,true,true,true,true,true,true,false,true,0,0,430,430,
chromium,full,/services/hot-water-system-electrician-sydney/,430x932,200,true,false,true,true,true,true,true,true,true,true,true,false,true,0,0,430,430,
chromium,full,/services/split-system-air-conditioning-sydney/,430x932,200,true,false,true,true,true,true,true,true,true,true,true,false,true,0,0,430,430,
chromium,full,/services/switchboard-upgrades-sydney/,430x932,200,true,false,true,true,true,true,true,true,true,true,true,false,true,0,0,430,430,
chromium,full,/service-areas/canterbury-bankstown-and-inner-south-west/canterbury-bankstown/panania/,430x932,200,true,false,true,true,true,true,true,true,true,true,true,false,true,0,0,430,430,
chromium,full,/privacy-policy/,430x932,200,true,false,true,true,true,true,true,true,true,true,true,false,true,0,0,430,430,
chromium,full,/terms/,430x932,200,true,false,true,true,true,true,true,true,true,true,true,false,true,0,0,430,430,
webkit,smoke,/,390x844,200,true,false,true,true,true,true,true,true,true,true,true,false,true,0,0,390,390,
webkit,smoke,/emergency-electrician-sydney/,390x844,200,true,false,true,true,true,true,true,true,true,true,true,false,true,0,0,390,390,
webkit,smoke,/level-2-electrician-sydney/,390x844,200,true,false,true,true,true,true,true,true,true,true,true,false,true,0,0,390,390,
webkit,smoke,/services/,390x844,200,true,false,true,true,true,true,true,true,true,true,true,false,true,0,0,390,390,
webkit,smoke,/service-areas/canterbury-bankstown-and-inner-south-west/canterbury-bankstown/panania/,390x844,200,true,false,true,true,true,true,true,true,true,true,true,false,true,0,0,390,390,
webkit,smoke,/terms/,390x844,200,true,false,true,true,true,true,true,true,true,true,true,false,true,0,0,390,390,
webkit,smoke,/,912x1368,200,true,false,true,true,true,true,true,true,true,true,true,false,true,0,0,912,912,
webkit,smoke,/emergency-electrician-sydney/,912x1368,200,true,false,true,true,true,true,true,true,true,true,true,false,true,0,0,912,912,
webkit,smoke,/level-2-electrician-sydney/,912x1368,200,true,false,true,true,true,true,true,true,true,true,true,false,true,0,0,912,912,
webkit,smoke,/services/,912x1368,200,true,false,true,true,true,true,true,true,true,true,true,false,true,0,0,912,912,
webkit,smoke,/service-areas/canterbury-bankstown-and-inner-south-west/canterbury-bankstown/panania/,912x1368,200,true,false,true,true,true,true,true,true,true,true,true,false,true,0,0,912,912,
webkit,smoke,/terms/,912x1368,200,true,false,true,true,true,true,true,true,true,true,true,false,true,0,0,912,912,
webkit,smoke,/,1366x768,200,true,false,true,true,true,true,true,true,true,true,true,false,true,0,0,1366,1366,
webkit,smoke,/emergency-electrician-sydney/,1366x768,200,true,false,true,true,true,true,true,true,true,true,true,false,true,0,0,1366,1366,
webkit,smoke,/level-2-electrician-sydney/,1366x768,200,true,false,true,true,true,true,true,true,true,true,true,false,true,0,0,1366,1366,
webkit,smoke,/services/,1366x768,200,true,false,true,true,true,true,true,true,true,true,true,false,true,0,0,1366,1366,
webkit,smoke,/service-areas/canterbury-bankstown-and-inner-south-west/canterbury-bankstown/panania/,1366x768,200,true,false,true,true,true,true,true,true,true,true,true,false,true,0,0,1366,1366,
webkit,smoke,/terms/,1366x768,200,true,false,true,true,true,true,true,true,true,true,true,false,true,0,0,1366,1366,
