"path","width","height","status","cssLoaded","h1","quoteVisible","phoneVisible","faqVisible","headerOverflow","horizontalOverflow","stickyCoversFooter","serviceLinkOnIndex","menuButtonVisible","pass","notes"
"/services/pre-purchase-rental-electrical-inspections-sydney/","360","800","200","true","Pre-Purchase & Rental Electrical Inspections Sydney","true","true","true","false","false","false","true","true","true",""
"/services/pre-purchase-rental-electrical-inspections-sydney/","390","844","200","true","Pre-Purchase & Rental Electrical Inspections Sydney","true","true","true","false","false","false","true","true","true",""
"/services/pre-purchase-rental-electrical-inspections-sydney/","412","915","200","true","Pre-Purchase & Rental Electrical Inspections Sydney","true","true","true","false","false","false","true","true","true",""
"/services/pre-purchase-rental-electrical-inspections-sydney/","430","932","200","true","Pre-Purchase & Rental Electrical Inspections Sydney","true","true","true","false","false","false","true","true","true",""
"/services/pre-purchase-rental-electrical-inspections-sydney/","768","1024","200","true","Pre-Purchase & Rental Electrical Inspections Sydney","true","true","true","false","false","false","true","true","true",""
"/services/pre-purchase-rental-electrical-inspections-sydney/","820","1180","200","true","Pre-Purchase & Rental Electrical Inspections Sydney","true","true","true","false","false","false","true","true","true",""
"/services/pre-purchase-rental-electrical-inspections-sydney/","1024","768","200","true","Pre-Purchase & Rental Electrical Inspections Sydney","true","true","true","false","false","false","true","true","true",""
"/services/pre-purchase-rental-electrical-inspections-sydney/","1366","768","200","true","Pre-Purchase & Rental Electrical Inspections Sydney","true","true","true","false","false","false","true","true","true",""
"/services/pre-purchase-rental-electrical-inspections-sydney/","1440","900","200","true","Pre-Purchase & Rental Electrical Inspections Sydney","true","true","true","false","false","false","true","true","true",""
"/services/pre-purchase-rental-electrical-inspections-sydney/","1920","1080","200","true","Pre-Purchase & Rental Electrical Inspections Sydney","true","true","true","false","false","false","true","false","true",""