route,viewport,status,error,h1Count,horizontalOverflow,scrollWidth,headerExists,headerClips,stripExists,stripClips,stickyExists,stickyClips,heroExists,phoneCta,quoteCta,adsTag,failedImages
/,320x568,200,,1,false,320,true,false,true,false,true,false,true,true,true,true,
/about/,320x568,200,,1,false,320,true,false,true,false,true,false,true,true,true,true,
/contact/,320x568,200,,1,false,320,true,false,true,false,true,false,true,true,true,true,
/solar-batteries/,320x568,200,,1,false,320,true,false,true,false,true,false,true,true,true,true,
/emergency-electrician-sydney/,320x568,200,,1,false,320,true,false,true,false,true,false,true,true,true,true,
/level-2-electrician-sydney/,320x568,200,,1,false,320,true,false,true,false,true,false,true,true,true,true,
/services/,320x568,200,,1,false,320,true,false,true,false,true,false,true,true,true,true,
/service-areas/,320x568,200,,1,false,320,true,false,true,false,true,false,true,true,true,true,
/services/pre-purchase-rental-electrical-inspections-sydney/,320x568,200,,1,false,320,true,false,true,false,true,false,true,true,true,true,
/services/hot-water-system-electrician-sydney/,320x568,200,,1,false,320,true,false,true,false,true,false,true,true,true,true,
/services/split-system-air-conditioning-sydney/,320x568,200,,1,false,320,true,false,true,false,true,false,true,true,true,true,
/services/switchboard-upgrades-sydney/,320x568,200,,1,false,320,true,false,true,false,true,false,true,true,true,true,
/services/consumer-mains-sydney/,320x568,200,,1,false,320,true,false,true,false,true,false,true,true,true,true,
/service-areas/canterbury-bankstown-and-inner-south-west/canterbury-bankstown/panania/,320x568,200,,1,false,320,true,false,true,false,true,false,true,true,true,true,
/service-areas/sydney-city-and-eastern-suburbs/randwick/coogee/,320x568,200,,1,false,320,true,false,true,false,true,false,true,true,true,true,
/service-areas/western-sydney-and-nepean/blacktown/blacktown/,320x568,200,,1,false,320,true,false,true,false,true,false,true,true,true,true,
/privacy-policy/,320x568,200,,1,false,320,true,false,true,false,true,false,true,true,true,true,
/terms/,320x568,200,,1,false,320,true,false,true,false,true,false,true,true,true,true,
/404.html,320x568,200,,1,false,320,true,false,true,false,true,false,true,true,true,true,
/,360x800,200,,1,false,360,true,false,true,false,true,false,true,true,true,true,
/about/,360x800,200,,1,false,360,true,false,true,false,true,false,true,true,true,true,
/contact/,360x800,200,,1,false,360,true,false,true,false,true,false,true,true,true,true,
/solar-batteries/,360x800,200,,1,false,360,true,false,true,false,true,false,true,true,true,true,
/emergency-electrician-sydney/,360x800,200,,1,false,360,true,false,true,false,true,false,true,true,true,true,
/level-2-electrician-sydney/,360x800,200,,1,false,360,true,false,true,false,true,false,true,true,true,true,
/services/,360x800,200,,1,false,360,true,false,true,false,true,false,true,true,true,true,
/service-areas/,360x800,200,,1,false,360,true,false,true,false,true,false,true,true,true,true,
/services/pre-purchase-rental-electrical-inspections-sydney/,360x800,200,,1,false,360,true,false,true,false,true,false,true,true,true,true,
/services/hot-water-system-electrician-sydney/,360x800,200,,1,false,360,true,false,true,false,true,false,true,true,true,true,
/services/split-system-air-conditioning-sydney/,360x800,200,,1,false,360,true,false,true,false,true,false,true,true,true,true,
/services/switchboard-upgrades-sydney/,360x800,200,,1,false,360,true,false,true,false,true,false,true,true,true,true,
/services/consumer-mains-sydney/,360x800,200,,1,false,360,true,false,true,false,true,false,true,true,true,true,
/service-areas/canterbury-bankstown-and-inner-south-west/canterbury-bankstown/panania/,360x800,200,,1,false,360,true,false,true,false,true,false,true,true,true,true,
/service-areas/sydney-city-and-eastern-suburbs/randwick/coogee/,360x800,200,,1,false,360,true,false,true,false,true,false,true,true,true,true,
/service-areas/western-sydney-and-nepean/blacktown/blacktown/,360x800,200,,1,false,360,true,false,true,false,true,false,true,true,true,true,
/privacy-policy/,360x800,200,,1,false,360,true,false,true,false,true,false,true,true,true,true,
/terms/,360x800,200,,1,false,360,true,false,true,false,true,false,true,true,true,true,
/404.html,360x800,200,,1,false,360,true,false,true,false,true,false,true,true,true,true,
/,375x812,200,,1,false,375,true,false,true,false,true,false,true,true,true,true,
/about/,375x812,200,,1,false,375,true,false,true,false,true,false,true,true,true,true,
/contact/,375x812,200,,1,false,375,true,false,true,false,true,false,true,true,true,true,
/solar-batteries/,375x812,200,,1,false,375,true,false,true,false,true,false,true,true,true,true,
/emergency-electrician-sydney/,375x812,200,,1,false,375,true,false,true,false,true,false,true,true,true,true,
/level-2-electrician-sydney/,375x812,200,,1,false,375,true,false,true,false,true,false,true,true,true,true,
/services/,375x812,200,,1,false,375,true,false,true,false,true,false,true,true,true,true,
/service-areas/,375x812,200,,1,false,375,true,false,true,false,true,false,true,true,true,true,
/services/pre-purchase-rental-electrical-inspections-sydney/,375x812,200,,1,false,375,true,false,true,false,true,false,true,true,true,true,
/services/hot-water-system-electrician-sydney/,375x812,200,,1,false,375,true,false,true,false,true,false,true,true,true,true,
/services/split-system-air-conditioning-sydney/,375x812,200,,1,false,375,true,false,true,false,true,false,true,true,true,true,
/services/switchboard-upgrades-sydney/,375x812,200,,1,false,375,true,false,true,false,true,false,true,true,true,true,
/services/consumer-mains-sydney/,375x812,200,,1,false,375,true,false,true,false,true,false,true,true,true,true,
/service-areas/canterbury-bankstown-and-inner-south-west/canterbury-bankstown/panania/,375x812,200,,1,false,375,true,false,true,false,true,false,true,true,true,true,
/service-areas/sydney-city-and-eastern-suburbs/randwick/coogee/,375x812,200,,1,false,375,true,false,true,false,true,false,true,true,true,true,
/service-areas/western-sydney-and-nepean/blacktown/blacktown/,375x812,200,,1,false,375,true,false,true,false,true,false,true,true,true,true,
/privacy-policy/,375x812,200,,1,false,375,true,false,true,false,true,false,true,true,true,true,
/terms/,375x812,200,,1,false,375,true,false,true,false,true,false,true,true,true,true,
/404.html,375x812,200,,1,false,375,true,false,true,false,true,false,true,true,true,true,
/,390x844,200,,1,false,390,true,false,true,false,true,false,true,true,true,true,
/about/,390x844,200,,1,false,390,true,false,true,false,true,false,true,true,true,true,
/contact/,390x844,200,,1,false,390,true,false,true,false,true,false,true,true,true,true,
/solar-batteries/,390x844,200,,1,false,390,true,false,true,false,true,false,true,true,true,true,
/emergency-electrician-sydney/,390x844,200,,1,false,390,true,false,true,false,true,false,true,true,true,true,
/level-2-electrician-sydney/,390x844,200,,1,false,390,true,false,true,false,true,false,true,true,true,true,
/services/,390x844,200,,1,false,390,true,false,true,false,true,false,true,true,true,true,
/service-areas/,390x844,200,,1,false,390,true,false,true,false,true,false,true,true,true,true,
/services/pre-purchase-rental-electrical-inspections-sydney/,390x844,200,,1,false,390,true,false,true,false,true,false,true,true,true,true,
/services/hot-water-system-electrician-sydney/,390x844,200,,1,false,390,true,false,true,false,true,false,true,true,true,true,
/services/split-system-air-conditioning-sydney/,390x844,200,,1,false,390,true,false,true,false,true,false,true,true,true,true,
/services/switchboard-upgrades-sydney/,390x844,200,,1,false,390,true,false,true,false,true,false,true,true,true,true,
/services/consumer-mains-sydney/,390x844,200,,1,false,390,true,false,true,false,true,false,true,true,true,true,
/service-areas/canterbury-bankstown-and-inner-south-west/canterbury-bankstown/panania/,390x844,200,,1,false,390,true,false,true,false,true,false,true,true,true,true,
/service-areas/sydney-city-and-eastern-suburbs/randwick/coogee/,390x844,200,,1,false,390,true,false,true,false,true,false,true,true,true,true,
/service-areas/western-sydney-and-nepean/blacktown/blacktown/,390x844,200,,1,false,390,true,false,true,false,true,false,true,true,true,true,
/privacy-policy/,390x844,200,,1,false,390,true,false,true,false,true,false,true,true,true,true,
/terms/,390x844,200,,1,false,390,true,false,true,false,true,false,true,true,true,true,
/404.html,390x844,200,,1,false,390,true,false,true,false,true,false,true,true,true,true,
/,412x915,200,,1,false,412,true,false,true,false,true,false,true,true,true,true,
/about/,412x915,200,,1,false,412,true,false,true,false,true,false,true,true,true,true,
/contact/,412x915,200,,1,false,412,true,false,true,false,true,false,true,true,true,true,
/solar-batteries/,412x915,200,,1,false,412,true,false,true,false,true,false,true,true,true,true,
/emergency-electrician-sydney/,412x915,200,,1,false,412,true,false,true,false,true,false,true,true,true,true,
/level-2-electrician-sydney/,412x915,200,,1,false,412,true,false,true,false,true,false,true,true,true,true,
/services/,412x915,200,,1,false,412,true,false,true,false,true,false,true,true,true,true,
/service-areas/,412x915,200,,1,false,412,true,false,true,false,true,false,true,true,true,true,
/services/pre-purchase-rental-electrical-inspections-sydney/,412x915,200,,1,false,412,true,false,true,false,true,false,true,true,true,true,
/services/hot-water-system-electrician-sydney/,412x915,200,,1,false,412,true,false,true,false,true,false,true,true,true,true,
/services/split-system-air-conditioning-sydney/,412x915,200,,1,false,412,true,false,true,false,true,false,true,true,true,true,
/services/switchboard-upgrades-sydney/,412x915,200,,1,false,412,true,false,true,false,true,false,true,true,true,true,
/services/consumer-mains-sydney/,412x915,200,,1,false,412,true,false,true,false,true,false,true,true,true,true,
/service-areas/canterbury-bankstown-and-inner-south-west/canterbury-bankstown/panania/,412x915,200,,1,false,412,true,false,true,false,true,false,true,true,true,true,
/service-areas/sydney-city-and-eastern-suburbs/randwick/coogee/,412x915,200,,1,false,412,true,false,true,false,true,false,true,true,true,true,
/service-areas/western-sydney-and-nepean/blacktown/blacktown/,412x915,200,,1,false,412,true,false,true,false,true,false,true,true,true,true,
/privacy-policy/,412x915,200,,1,false,412,true,false,true,false,true,false,true,true,true,true,
/terms/,412x915,200,,1,false,412,true,false,true,false,true,false,true,true,true,true,
/404.html,412x915,200,,1,false,412,true,false,true,false,true,false,true,true,true,true,
/,430x932,200,,1,false,430,true,false,true,false,true,false,true,true,true,true,
/about/,430x932,200,,1,false,430,true,false,true,false,true,false,true,true,true,true,
/contact/,430x932,200,,1,false,430,true,false,true,false,true,false,true,true,true,true,
/solar-batteries/,430x932,200,,1,false,430,true,false,true,false,true,false,true,true,true,true,
/emergency-electrician-sydney/,430x932,200,,1,false,430,true,false,true,false,true,false,true,true,true,true,
/level-2-electrician-sydney/,430x932,200,,1,false,430,true,false,true,false,true,false,true,true,true,true,
/services/,430x932,200,,1,false,430,true,false,true,false,true,false,true,true,true,true,
/service-areas/,430x932,200,,1,false,430,true,false,true,false,true,false,true,true,true,true,
/services/pre-purchase-rental-electrical-inspections-sydney/,430x932,200,,1,false,430,true,false,true,false,true,false,true,true,true,true,
/services/hot-water-system-electrician-sydney/,430x932,200,,1,false,430,true,false,true,false,true,false,true,true,true,true,
/services/split-system-air-conditioning-sydney/,430x932,200,,1,false,430,true,false,true,false,true,false,true,true,true,true,
/services/switchboard-upgrades-sydney/,430x932,200,,1,false,430,true,false,true,false,true,false,true,true,true,true,
/services/consumer-mains-sydney/,430x932,200,,1,false,430,true,false,true,false,true,false,true,true,true,true,
/service-areas/canterbury-bankstown-and-inner-south-west/canterbury-bankstown/panania/,430x932,200,,1,false,430,true,false,true,false,true,false,true,true,true,true,
/service-areas/sydney-city-and-eastern-suburbs/randwick/coogee/,430x932,200,,1,false,430,true,false,true,false,true,false,true,true,true,true,
/service-areas/western-sydney-and-nepean/blacktown/blacktown/,430x932,200,,1,false,430,true,false,true,false,true,false,true,true,true,true,
/privacy-policy/,430x932,200,,1,false,430,true,false,true,false,true,false,true,true,true,true,
/terms/,430x932,200,,1,false,430,true,false,true,false,true,false,true,true,true,true,
/404.html,430x932,200,,1,false,430,true,false,true,false,true,false,true,true,true,true,
/,768x1024,200,,1,false,768,true,false,true,false,true,false,true,true,true,true,
/about/,768x1024,200,,1,false,768,true,false,true,false,true,false,true,true,true,true,
/contact/,768x1024,200,,1,false,768,true,false,true,false,true,false,true,true,true,true,
/solar-batteries/,768x1024,200,,1,false,768,true,false,true,false,true,false,true,true,true,true,
/emergency-electrician-sydney/,768x1024,200,,1,false,768,true,false,true,false,true,false,true,true,true,true,
/level-2-electrician-sydney/,768x1024,200,,1,false,768,true,false,true,false,true,false,true,true,true,true,
/services/,768x1024,200,,1,false,768,true,false,true,false,true,false,true,true,true,true,
/service-areas/,768x1024,200,,1,false,768,true,false,true,false,true,false,true,true,true,true,
/services/pre-purchase-rental-electrical-inspections-sydney/,768x1024,200,,1,false,768,true,false,true,false,true,false,true,true,true,true,
/services/hot-water-system-electrician-sydney/,768x1024,200,,1,false,768,true,false,true,false,true,false,true,true,true,true,
/services/split-system-air-conditioning-sydney/,768x1024,200,,1,false,768,true,false,true,false,true,false,true,true,true,true,
/services/switchboard-upgrades-sydney/,768x1024,200,,1,false,768,true,false,true,false,true,false,true,true,true,true,
/services/consumer-mains-sydney/,768x1024,200,,1,false,768,true,false,true,false,true,false,true,true,true,true,
/service-areas/canterbury-bankstown-and-inner-south-west/canterbury-bankstown/panania/,768x1024,200,,1,false,768,true,false,true,false,true,false,true,true,true,true,
/service-areas/sydney-city-and-eastern-suburbs/randwick/coogee/,768x1024,200,,1,false,768,true,false,true,false,true,false,true,true,true,true,
/service-areas/western-sydney-and-nepean/blacktown/blacktown/,768x1024,200,,1,false,768,true,false,true,false,true,false,true,true,true,true,
/privacy-policy/,768x1024,200,,1,false,768,true,false,true,false,true,false,true,true,true,true,
/terms/,768x1024,200,,1,false,768,true,false,true,false,true,false,true,true,true,true,
/404.html,768x1024,200,,1,false,768,true,false,true,false,true,false,true,true,true,true,
/,800x1280,200,,1,false,800,true,false,true,false,true,false,true,true,true,true,
/about/,800x1280,200,,1,false,800,true,false,true,false,true,false,true,true,true,true,
/contact/,800x1280,200,,1,false,800,true,false,true,false,true,false,true,true,true,true,
/solar-batteries/,800x1280,200,,1,false,800,true,false,true,false,true,false,true,true,true,true,
/emergency-electrician-sydney/,800x1280,200,,1,false,800,true,false,true,false,true,false,true,true,true,true,
/level-2-electrician-sydney/,800x1280,200,,1,false,800,true,false,true,false,true,false,true,true,true,true,
/services/,800x1280,200,,1,false,800,true,false,true,false,true,false,true,true,true,true,
/service-areas/,800x1280,200,,1,false,800,true,false,true,false,true,false,true,true,true,true,
/services/pre-purchase-rental-electrical-inspections-sydney/,800x1280,200,,1,false,800,true,false,true,false,true,false,true,true,true,true,
/services/hot-water-system-electrician-sydney/,800x1280,200,,1,false,800,true,false,true,false,true,false,true,true,true,true,
/services/split-system-air-conditioning-sydney/,800x1280,200,,1,false,800,true,false,true,false,true,false,true,true,true,true,
/services/switchboard-upgrades-sydney/,800x1280,200,,1,false,800,true,false,true,false,true,false,true,true,true,true,
/services/consumer-mains-sydney/,800x1280,200,,1,false,800,true,false,true,false,true,false,true,true,true,true,
/service-areas/canterbury-bankstown-and-inner-south-west/canterbury-bankstown/panania/,800x1280,200,,1,false,800,true,false,true,false,true,false,true,true,true,true,
/service-areas/sydney-city-and-eastern-suburbs/randwick/coogee/,800x1280,200,,1,false,800,true,false,true,false,true,false,true,true,true,true,
/service-areas/western-sydney-and-nepean/blacktown/blacktown/,800x1280,200,,1,false,800,true,false,true,false,true,false,true,true,true,true,
/privacy-policy/,800x1280,200,,1,false,800,true,false,true,false,true,false,true,true,true,true,
/terms/,800x1280,200,,1,false,800,true,false,true,false,true,false,true,true,true,true,
/404.html,800x1280,200,,1,false,800,true,false,true,false,true,false,true,true,true,true,
/,820x1180,200,,1,false,820,true,false,true,false,true,false,true,true,true,true,
/about/,820x1180,200,,1,false,820,true,false,true,false,true,false,true,true,true,true,
/contact/,820x1180,200,,1,false,820,true,false,true,false,true,false,true,true,true,true,
/solar-batteries/,820x1180,200,,1,false,820,true,false,true,false,true,false,true,true,true,true,
/emergency-electrician-sydney/,820x1180,200,,1,false,820,true,false,true,false,true,false,true,true,true,true,
/level-2-electrician-sydney/,820x1180,200,,1,false,820,true,false,true,false,true,false,true,true,true,true,
/services/,820x1180,200,,1,false,820,true,false,true,false,true,false,true,true,true,true,
/service-areas/,820x1180,200,,1,false,820,true,false,true,false,true,false,true,true,true,true,
/services/pre-purchase-rental-electrical-inspections-sydney/,820x1180,200,,1,false,820,true,false,true,false,true,false,true,true,true,true,
/services/hot-water-system-electrician-sydney/,820x1180,200,,1,false,820,true,false,true,false,true,false,true,true,true,true,
/services/split-system-air-conditioning-sydney/,820x1180,200,,1,false,820,true,false,true,false,true,false,true,true,true,true,
/services/switchboard-upgrades-sydney/,820x1180,200,,1,false,820,true,false,true,false,true,false,true,true,true,true,
/services/consumer-mains-sydney/,820x1180,200,,1,false,820,true,false,true,false,true,false,true,true,true,true,
/service-areas/canterbury-bankstown-and-inner-south-west/canterbury-bankstown/panania/,820x1180,200,,1,false,820,true,false,true,false,true,false,true,true,true,true,
/service-areas/sydney-city-and-eastern-suburbs/randwick/coogee/,820x1180,200,,1,false,820,true,false,true,false,true,false,true,true,true,true,
/service-areas/western-sydney-and-nepean/blacktown/blacktown/,820x1180,200,,1,false,820,true,false,true,false,true,false,true,true,true,true,
/privacy-policy/,820x1180,200,,1,false,820,true,false,true,false,true,false,true,true,true,true,
/terms/,820x1180,200,,1,false,820,true,false,true,false,true,false,true,true,true,true,
/404.html,820x1180,200,,1,false,820,true,false,true,false,true,false,true,true,true,true,
/,834x1194,200,,1,false,834,true,false,true,false,true,false,true,true,true,true,
/about/,834x1194,200,,1,false,834,true,false,true,false,true,false,true,true,true,true,
/contact/,834x1194,200,,1,false,834,true,false,true,false,true,false,true,true,true,true,
/solar-batteries/,834x1194,200,,1,false,834,true,false,true,false,true,false,true,true,true,true,
/emergency-electrician-sydney/,834x1194,200,,1,false,834,true,false,true,false,true,false,true,true,true,true,
/level-2-electrician-sydney/,834x1194,200,,1,false,834,true,false,true,false,true,false,true,true,true,true,
/services/,834x1194,200,,1,false,834,true,false,true,false,true,false,true,true,true,true,
/service-areas/,834x1194,200,,1,false,834,true,false,true,false,true,false,true,true,true,true,
/services/pre-purchase-rental-electrical-inspections-sydney/,834x1194,200,,1,false,834,true,false,true,false,true,false,true,true,true,true,
/services/hot-water-system-electrician-sydney/,834x1194,200,,1,false,834,true,false,true,false,true,false,true,true,true,true,
/services/split-system-air-conditioning-sydney/,834x1194,200,,1,false,834,true,false,true,false,true,false,true,true,true,true,
/services/switchboard-upgrades-sydney/,834x1194,200,,1,false,834,true,false,true,false,true,false,true,true,true,true,
/services/consumer-mains-sydney/,834x1194,200,,1,false,834,true,false,true,false,true,false,true,true,true,true,
/service-areas/canterbury-bankstown-and-inner-south-west/canterbury-bankstown/panania/,834x1194,200,,1,false,834,true,false,true,false,true,false,true,true,true,true,
/service-areas/sydney-city-and-eastern-suburbs/randwick/coogee/,834x1194,200,,1,false,834,true,false,true,false,true,false,true,true,true,true,
/service-areas/western-sydney-and-nepean/blacktown/blacktown/,834x1194,200,,1,false,834,true,false,true,false,true,false,true,true,true,true,
/privacy-policy/,834x1194,200,,1,false,834,true,false,true,false,true,false,true,true,true,true,
/terms/,834x1194,200,,1,false,834,true,false,true,false,true,false,true,true,true,true,
/404.html,834x1194,200,,1,false,834,true,false,true,false,true,false,true,true,true,true,
/,912x1368,200,,1,false,912,true,false,true,false,true,false,true,true,true,true,
/about/,912x1368,200,,1,false,912,true,false,true,false,true,false,true,true,true,true,
/contact/,912x1368,200,,1,false,912,true,false,true,false,true,false,true,true,true,true,
/solar-batteries/,912x1368,200,,1,false,912,true,false,true,false,true,false,true,true,true,true,
/emergency-electrician-sydney/,912x1368,200,,1,false,912,true,false,true,false,true,false,true,true,true,true,
/level-2-electrician-sydney/,912x1368,200,,1,false,912,true,false,true,false,true,false,true,true,true,true,
/services/,912x1368,200,,1,false,912,true,false,true,false,true,false,true,true,true,true,
/service-areas/,912x1368,200,,1,false,912,true,false,true,false,true,false,true,true,true,true,
/services/pre-purchase-rental-electrical-inspections-sydney/,912x1368,200,,1,false,912,true,false,true,false,true,false,true,true,true,true,
/services/hot-water-system-electrician-sydney/,912x1368,200,,1,false,912,true,false,true,false,true,false,true,true,true,true,
/services/split-system-air-conditioning-sydney/,912x1368,200,,1,false,912,true,false,true,false,true,false,true,true,true,true,
/services/switchboard-upgrades-sydney/,912x1368,200,,1,false,912,true,false,true,false,true,false,true,true,true,true,
/services/consumer-mains-sydney/,912x1368,200,,1,false,912,true,false,true,false,true,false,true,true,true,true,
/service-areas/canterbury-bankstown-and-inner-south-west/canterbury-bankstown/panania/,912x1368,200,,1,false,912,true,false,true,false,true,false,true,true,true,true,
/service-areas/sydney-city-and-eastern-suburbs/randwick/coogee/,912x1368,200,,1,false,912,true,false,true,false,true,false,true,true,true,true,
/service-areas/western-sydney-and-nepean/blacktown/blacktown/,912x1368,200,,1,false,912,true,false,true,false,true,false,true,true,true,true,
/privacy-policy/,912x1368,200,,1,false,912,true,false,true,false,true,false,true,true,true,true,
/terms/,912x1368,200,,1,false,912,true,false,true,false,true,false,true,true,true,true,
/404.html,912x1368,200,,1,false,912,true,false,true,false,true,false,true,true,true,true,
/,1024x1366,200,,1,false,1024,true,false,true,false,true,false,true,true,true,true,
/about/,1024x1366,200,,1,false,1024,true,false,true,false,true,false,true,true,true,true,
/contact/,1024x1366,200,,1,false,1024,true,false,true,false,true,false,true,true,true,true,
/solar-batteries/,1024x1366,200,,1,false,1024,true,false,true,false,true,false,true,true,true,true,
/emergency-electrician-sydney/,1024x1366,200,,1,false,1024,true,false,true,false,true,false,true,true,true,true,
/level-2-electrician-sydney/,1024x1366,200,,1,false,1024,true,false,true,false,true,false,true,true,true,true,
/services/,1024x1366,200,,1,false,1024,true,false,true,false,true,false,true,true,true,true,
/service-areas/,1024x1366,200,,1,false,1024,true,false,true,false,true,false,true,true,true,true,
/services/pre-purchase-rental-electrical-inspections-sydney/,1024x1366,200,,1,false,1024,true,false,true,false,true,false,true,true,true,true,
/services/hot-water-system-electrician-sydney/,1024x1366,200,,1,false,1024,true,false,true,false,true,false,true,true,true,true,
/services/split-system-air-conditioning-sydney/,1024x1366,200,,1,false,1024,true,false,true,false,true,false,true,true,true,true,
/services/switchboard-upgrades-sydney/,1024x1366,200,,1,false,1024,true,false,true,false,true,false,true,true,true,true,
/services/consumer-mains-sydney/,1024x1366,200,,1,false,1024,true,false,true,false,true,false,true,true,true,true,
/service-areas/canterbury-bankstown-and-inner-south-west/canterbury-bankstown/panania/,1024x1366,200,,1,false,1024,true,false,true,false,true,false,true,true,true,true,
/service-areas/sydney-city-and-eastern-suburbs/randwick/coogee/,1024x1366,200,,1,false,1024,true,false,true,false,true,false,true,true,true,true,
/service-areas/western-sydney-and-nepean/blacktown/blacktown/,1024x1366,200,,1,false,1024,true,false,true,false,true,false,true,true,true,true,
/privacy-policy/,1024x1366,200,,1,false,1024,true,false,true,false,true,false,true,true,true,true,
/terms/,1024x1366,200,,1,false,1024,true,false,true,false,true,false,true,true,true,true,
/404.html,1024x1366,200,,1,false,1024,true,false,true,false,true,false,true,true,true,true,
/,1280x800,200,,1,false,1280,true,false,true,false,true,false,true,true,true,true,
/about/,1280x800,200,,1,false,1280,true,false,true,false,true,false,true,true,true,true,
/contact/,1280x800,200,,1,false,1280,true,false,true,false,true,false,true,true,true,true,
/solar-batteries/,1280x800,200,,1,false,1280,true,false,true,false,true,false,true,true,true,true,
/emergency-electrician-sydney/,1280x800,200,,1,false,1280,true,false,true,false,true,false,true,true,true,true,
/level-2-electrician-sydney/,1280x800,200,,1,false,1280,true,false,true,false,true,false,true,true,true,true,
/services/,1280x800,200,,1,false,1280,true,false,true,false,true,false,true,true,true,true,
/service-areas/,1280x800,200,,1,false,1280,true,false,true,false,true,false,true,true,true,true,
/services/pre-purchase-rental-electrical-inspections-sydney/,1280x800,200,,1,false,1280,true,false,true,false,true,false,true,true,true,true,
/services/hot-water-system-electrician-sydney/,1280x800,200,,1,false,1280,true,false,true,false,true,false,true,true,true,true,
/services/split-system-air-conditioning-sydney/,1280x800,200,,1,false,1280,true,false,true,false,true,false,true,true,true,true,
/services/switchboard-upgrades-sydney/,1280x800,200,,1,false,1280,true,false,true,false,true,false,true,true,true,true,
/services/consumer-mains-sydney/,1280x800,200,,1,false,1280,true,false,true,false,true,false,true,true,true,true,
/service-areas/canterbury-bankstown-and-inner-south-west/canterbury-bankstown/panania/,1280x800,200,,1,false,1280,true,false,true,false,true,false,true,true,true,true,
/service-areas/sydney-city-and-eastern-suburbs/randwick/coogee/,1280x800,200,,1,false,1280,true,false,true,false,true,false,true,true,true,true,
/service-areas/western-sydney-and-nepean/blacktown/blacktown/,1280x800,200,,1,false,1280,true,false,true,false,true,false,true,true,true,true,
/privacy-policy/,1280x800,200,,1,false,1280,true,false,true,false,true,false,true,true,true,true,
/terms/,1280x800,200,,1,false,1280,true,false,true,false,true,false,true,true,true,true,
/404.html,1280x800,200,,1,false,1280,true,false,true,false,true,false,true,true,true,true,
/,1024x768,200,,1,false,1024,true,false,true,false,true,false,true,true,true,true,
/about/,1024x768,200,,1,false,1024,true,false,true,false,true,false,true,true,true,true,
/contact/,1024x768,200,,1,false,1024,true,false,true,false,true,false,true,true,true,true,
/solar-batteries/,1024x768,200,,1,false,1024,true,false,true,false,true,false,true,true,true,true,
/emergency-electrician-sydney/,1024x768,200,,1,false,1024,true,false,true,false,true,false,true,true,true,true,
/level-2-electrician-sydney/,1024x768,200,,1,false,1024,true,false,true,false,true,false,true,true,true,true,
/services/,1024x768,200,,1,false,1024,true,false,true,false,true,false,true,true,true,true,
/service-areas/,1024x768,200,,1,false,1024,true,false,true,false,true,false,true,true,true,true,
/services/pre-purchase-rental-electrical-inspections-sydney/,1024x768,200,,1,false,1024,true,false,true,false,true,false,true,true,true,true,
/services/hot-water-system-electrician-sydney/,1024x768,200,,1,false,1024,true,false,true,false,true,false,true,true,true,true,
/services/split-system-air-conditioning-sydney/,1024x768,200,,1,false,1024,true,false,true,false,true,false,true,true,true,true,
/services/switchboard-upgrades-sydney/,1024x768,200,,1,false,1024,true,false,true,false,true,false,true,true,true,true,
/services/consumer-mains-sydney/,1024x768,200,,1,false,1024,true,false,true,false,true,false,true,true,true,true,
/service-areas/canterbury-bankstown-and-inner-south-west/canterbury-bankstown/panania/,1024x768,200,,1,false,1024,true,false,true,false,true,false,true,true,true,true,
/service-areas/sydney-city-and-eastern-suburbs/randwick/coogee/,1024x768,200,,1,false,1024,true,false,true,false,true,false,true,true,true,true,
/service-areas/western-sydney-and-nepean/blacktown/blacktown/,1024x768,200,,1,false,1024,true,false,true,false,true,false,true,true,true,true,
/privacy-policy/,1024x768,200,,1,false,1024,true,false,true,false,true,false,true,true,true,true,
/terms/,1024x768,200,,1,false,1024,true,false,true,false,true,false,true,true,true,true,
/404.html,1024x768,200,,1,false,1024,true,false,true,false,true,false,true,true,true,true,
/,1180x820,200,,1,false,1180,true,false,true,false,true,false,true,true,true,true,
/about/,1180x820,200,,1,false,1180,true,false,true,false,true,false,true,true,true,true,
/contact/,1180x820,200,,1,false,1180,true,false,true,false,true,false,true,true,true,true,
/solar-batteries/,1180x820,200,,1,false,1180,true,false,true,false,true,false,true,true,true,true,
/emergency-electrician-sydney/,1180x820,200,,1,false,1180,true,false,true,false,true,false,true,true,true,true,
/level-2-electrician-sydney/,1180x820,200,,1,false,1180,true,false,true,false,true,false,true,true,true,true,
/services/,1180x820,200,,1,false,1180,true,false,true,false,true,false,true,true,true,true,
/service-areas/,1180x820,200,,1,false,1180,true,false,true,false,true,false,true,true,true,true,
/services/pre-purchase-rental-electrical-inspections-sydney/,1180x820,200,,1,false,1180,true,false,true,false,true,false,true,true,true,true,
/services/hot-water-system-electrician-sydney/,1180x820,200,,1,false,1180,true,false,true,false,true,false,true,true,true,true,
/services/split-system-air-conditioning-sydney/,1180x820,200,,1,false,1180,true,false,true,false,true,false,true,true,true,true,
/services/switchboard-upgrades-sydney/,1180x820,200,,1,false,1180,true,false,true,false,true,false,true,true,true,true,
/services/consumer-mains-sydney/,1180x820,200,,1,false,1180,true,false,true,false,true,false,true,true,true,true,
/service-areas/canterbury-bankstown-and-inner-south-west/canterbury-bankstown/panania/,1180x820,200,,1,false,1180,true,false,true,false,true,false,true,true,true,true,
/service-areas/sydney-city-and-eastern-suburbs/randwick/coogee/,1180x820,200,,1,false,1180,true,false,true,false,true,false,true,true,true,true,
/service-areas/western-sydney-and-nepean/blacktown/blacktown/,1180x820,200,,1,false,1180,true,false,true,false,true,false,true,true,true,true,
/privacy-policy/,1180x820,200,,1,false,1180,true,false,true,false,true,false,true,true,true,true,
/terms/,1180x820,200,,1,false,1180,true,false,true,false,true,false,true,true,true,true,
/404.html,1180x820,200,,1,false,1180,true,false,true,false,true,false,true,true,true,true,
/,1280x720,200,,1,false,1280,true,false,true,false,true,false,true,true,true,true,
/about/,1280x720,200,,1,false,1280,true,false,true,false,true,false,true,true,true,true,
/contact/,1280x720,200,,1,false,1280,true,false,true,false,true,false,true,true,true,true,
/solar-batteries/,1280x720,200,,1,false,1280,true,false,true,false,true,false,true,true,true,true,
/emergency-electrician-sydney/,1280x720,200,,1,false,1280,true,false,true,false,true,false,true,true,true,true,
/level-2-electrician-sydney/,1280x720,200,,1,false,1280,true,false,true,false,true,false,true,true,true,true,
/services/,1280x720,200,,1,false,1280,true,false,true,false,true,false,true,true,true,true,
/service-areas/,1280x720,200,,1,false,1280,true,false,true,false,true,false,true,true,true,true,
/services/pre-purchase-rental-electrical-inspections-sydney/,1280x720,200,,1,false,1280,true,false,true,false,true,false,true,true,true,true,
/services/hot-water-system-electrician-sydney/,1280x720,200,,1,false,1280,true,false,true,false,true,false,true,true,true,true,
/services/split-system-air-conditioning-sydney/,1280x720,200,,1,false,1280,true,false,true,false,true,false,true,true,true,true,
/services/switchboard-upgrades-sydney/,1280x720,200,,1,false,1280,true,false,true,false,true,false,true,true,true,true,
/services/consumer-mains-sydney/,1280x720,200,,1,false,1280,true,false,true,false,true,false,true,true,true,true,
/service-areas/canterbury-bankstown-and-inner-south-west/canterbury-bankstown/panania/,1280x720,200,,1,false,1280,true,false,true,false,true,false,true,true,true,true,
/service-areas/sydney-city-and-eastern-suburbs/randwick/coogee/,1280x720,200,,1,false,1280,true,false,true,false,true,false,true,true,true,true,
/service-areas/western-sydney-and-nepean/blacktown/blacktown/,1280x720,200,,1,false,1280,true,false,true,false,true,false,true,true,true,true,
/privacy-policy/,1280x720,200,,1,false,1280,true,false,true,false,true,false,true,true,true,true,
/terms/,1280x720,200,,1,false,1280,true,false,true,false,true,false,true,true,true,true,
/404.html,1280x720,200,,1,false,1280,true,false,true,false,true,false,true,true,true,true,
/,1366x768,200,,1,false,1366,true,false,true,false,true,false,true,true,true,true,
/about/,1366x768,200,,1,false,1366,true,false,true,false,true,false,true,true,true,true,
/contact/,1366x768,200,,1,false,1366,true,false,true,false,true,false,true,true,true,true,
/solar-batteries/,1366x768,200,,1,false,1366,true,false,true,false,true,false,true,true,true,true,
/emergency-electrician-sydney/,1366x768,200,,1,false,1366,true,false,true,false,true,false,true,true,true,true,
/level-2-electrician-sydney/,1366x768,200,,1,false,1366,true,false,true,false,true,false,true,true,true,true,
/services/,1366x768,200,,1,false,1366,true,false,true,false,true,false,true,true,true,true,
/service-areas/,1366x768,200,,1,false,1366,true,false,true,false,true,false,true,true,true,true,
/services/pre-purchase-rental-electrical-inspections-sydney/,1366x768,200,,1,false,1366,true,false,true,false,true,false,true,true,true,true,
/services/hot-water-system-electrician-sydney/,1366x768,200,,1,false,1366,true,false,true,false,true,false,true,true,true,true,
/services/split-system-air-conditioning-sydney/,1366x768,200,,1,false,1366,true,false,true,false,true,false,true,true,true,true,
/services/switchboard-upgrades-sydney/,1366x768,200,,1,false,1366,true,false,true,false,true,false,true,true,true,true,
/services/consumer-mains-sydney/,1366x768,200,,1,false,1366,true,false,true,false,true,false,true,true,true,true,
/service-areas/canterbury-bankstown-and-inner-south-west/canterbury-bankstown/panania/,1366x768,200,,1,false,1366,true,false,true,false,true,false,true,true,true,true,
/service-areas/sydney-city-and-eastern-suburbs/randwick/coogee/,1366x768,200,,1,false,1366,true,false,true,false,true,false,true,true,true,true,
/service-areas/western-sydney-and-nepean/blacktown/blacktown/,1366x768,200,,1,false,1366,true,false,true,false,true,false,true,true,true,true,
/privacy-policy/,1366x768,200,,1,false,1366,true,false,true,false,true,false,true,true,true,true,
/terms/,1366x768,200,,1,false,1366,true,false,true,false,true,false,true,true,true,true,
/404.html,1366x768,200,,1,false,1366,true,false,true,false,true,false,true,true,true,true,
/,1440x900,200,,1,false,1440,true,false,true,false,true,false,true,true,true,true,
/about/,1440x900,200,,1,false,1440,true,false,true,false,true,false,true,true,true,true,
/contact/,1440x900,200,,1,false,1440,true,false,true,false,true,false,true,true,true,true,
/solar-batteries/,1440x900,200,,1,false,1440,true,false,true,false,true,false,true,true,true,true,
/emergency-electrician-sydney/,1440x900,200,,1,false,1440,true,false,true,false,true,false,true,true,true,true,
/level-2-electrician-sydney/,1440x900,200,,1,false,1440,true,false,true,false,true,false,true,true,true,true,
/services/,1440x900,200,,1,false,1440,true,false,true,false,true,false,true,true,true,true,
/service-areas/,1440x900,200,,1,false,1440,true,false,true,false,true,false,true,true,true,true,
/services/pre-purchase-rental-electrical-inspections-sydney/,1440x900,200,,1,false,1440,true,false,true,false,true,false,true,true,true,true,
/services/hot-water-system-electrician-sydney/,1440x900,200,,1,false,1440,true,false,true,false,true,false,true,true,true,true,
/services/split-system-air-conditioning-sydney/,1440x900,200,,1,false,1440,true,false,true,false,true,false,true,true,true,true,
/services/switchboard-upgrades-sydney/,1440x900,200,,1,false,1440,true,false,true,false,true,false,true,true,true,true,
/services/consumer-mains-sydney/,1440x900,200,,1,false,1440,true,false,true,false,true,false,true,true,true,true,
/service-areas/canterbury-bankstown-and-inner-south-west/canterbury-bankstown/panania/,1440x900,200,,1,false,1440,true,false,true,false,true,false,true,true,true,true,
/service-areas/sydney-city-and-eastern-suburbs/randwick/coogee/,1440x900,200,,1,false,1440,true,false,true,false,true,false,true,true,true,true,
/service-areas/western-sydney-and-nepean/blacktown/blacktown/,1440x900,200,,1,false,1440,true,false,true,false,true,false,true,true,true,true,
/privacy-policy/,1440x900,200,,1,false,1440,true,false,true,false,true,false,true,true,true,true,
/terms/,1440x900,200,,1,false,1440,true,false,true,false,true,false,true,true,true,true,
/404.html,1440x900,200,,1,false,1440,true,false,true,false,true,false,true,true,true,true,
/,1536x864,200,,1,false,1536,true,false,true,false,true,false,true,true,true,true,
/about/,1536x864,200,,1,false,1536,true,false,true,false,true,false,true,true,true,true,
/contact/,1536x864,200,,1,false,1536,true,false,true,false,true,false,true,true,true,true,
/solar-batteries/,1536x864,200,,1,false,1536,true,false,true,false,true,false,true,true,true,true,
/emergency-electrician-sydney/,1536x864,200,,1,false,1536,true,false,true,false,true,false,true,true,true,true,
/level-2-electrician-sydney/,1536x864,200,,1,false,1536,true,false,true,false,true,false,true,true,true,true,
/services/,1536x864,200,,1,false,1536,true,false,true,false,true,false,true,true,true,true,
/service-areas/,1536x864,200,,1,false,1536,true,false,true,false,true,false,true,true,true,true,
/services/pre-purchase-rental-electrical-inspections-sydney/,1536x864,200,,1,false,1536,true,false,true,false,true,false,true,true,true,true,
/services/hot-water-system-electrician-sydney/,1536x864,200,,1,false,1536,true,false,true,false,true,false,true,true,true,true,
/services/split-system-air-conditioning-sydney/,1536x864,200,,1,false,1536,true,false,true,false,true,false,true,true,true,true,
/services/switchboard-upgrades-sydney/,1536x864,200,,1,false,1536,true,false,true,false,true,false,true,true,true,true,
/services/consumer-mains-sydney/,1536x864,200,,1,false,1536,true,false,true,false,true,false,true,true,true,true,
/service-areas/canterbury-bankstown-and-inner-south-west/canterbury-bankstown/panania/,1536x864,200,,1,false,1536,true,false,true,false,true,false,true,true,true,true,
/service-areas/sydney-city-and-eastern-suburbs/randwick/coogee/,1536x864,200,,1,false,1536,true,false,true,false,true,false,true,true,true,true,
/service-areas/western-sydney-and-nepean/blacktown/blacktown/,1536x864,200,,1,false,1536,true,false,true,false,true,false,true,true,true,true,
/privacy-policy/,1536x864,200,,1,false,1536,true,false,true,false,true,false,true,true,true,true,
/terms/,1536x864,200,,1,false,1536,true,false,true,false,true,false,true,true,true,true,
/404.html,1536x864,200,,1,false,1536,true,false,true,false,true,false,true,true,true,true,
/,1600x900,200,,1,false,1600,true,false,true,false,true,false,true,true,true,true,
/about/,1600x900,200,,1,false,1600,true,false,true,false,true,false,true,true,true,true,
/contact/,1600x900,200,,1,false,1600,true,false,true,false,true,false,true,true,true,true,
/solar-batteries/,1600x900,200,,1,false,1600,true,false,true,false,true,false,true,true,true,true,
/emergency-electrician-sydney/,1600x900,200,,1,false,1600,true,false,true,false,true,false,true,true,true,true,
/level-2-electrician-sydney/,1600x900,200,,1,false,1600,true,false,true,false,true,false,true,true,true,true,
/services/,1600x900,200,,1,false,1600,true,false,true,false,true,false,true,true,true,true,
/service-areas/,1600x900,200,,1,false,1600,true,false,true,false,true,false,true,true,true,true,
/services/pre-purchase-rental-electrical-inspections-sydney/,1600x900,200,,1,false,1600,true,false,true,false,true,false,true,true,true,true,
/services/hot-water-system-electrician-sydney/,1600x900,200,,1,false,1600,true,false,true,false,true,false,true,true,true,true,
/services/split-system-air-conditioning-sydney/,1600x900,200,,1,false,1600,true,false,true,false,true,false,true,true,true,true,
/services/switchboard-upgrades-sydney/,1600x900,200,,1,false,1600,true,false,true,false,true,false,true,true,true,true,
/services/consumer-mains-sydney/,1600x900,200,,1,false,1600,true,false,true,false,true,false,true,true,true,true,
/service-areas/canterbury-bankstown-and-inner-south-west/canterbury-bankstown/panania/,1600x900,200,,1,false,1600,true,false,true,false,true,false,true,true,true,true,
/service-areas/sydney-city-and-eastern-suburbs/randwick/coogee/,1600x900,200,,1,false,1600,true,false,true,false,true,false,true,true,true,true,
/service-areas/western-sydney-and-nepean/blacktown/blacktown/,1600x900,200,,1,false,1600,true,false,true,false,true,false,true,true,true,true,
/privacy-policy/,1600x900,200,,1,false,1600,true,false,true,false,true,false,true,true,true,true,
/terms/,1600x900,200,,1,false,1600,true,false,true,false,true,false,true,true,true,true,
/404.html,1600x900,200,,1,false,1600,true,false,true,false,true,false,true,true,true,true,
/,1920x1080,200,,1,false,1920,true,false,true,false,true,false,true,true,true,true,
/about/,1920x1080,200,,1,false,1920,true,false,true,false,true,false,true,true,true,true,
/contact/,1920x1080,200,,1,false,1920,true,false,true,false,true,false,true,true,true,true,
/solar-batteries/,1920x1080,200,,1,false,1920,true,false,true,false,true,false,true,true,true,true,
/emergency-electrician-sydney/,1920x1080,200,,1,false,1920,true,false,true,false,true,false,true,true,true,true,
/level-2-electrician-sydney/,1920x1080,200,,1,false,1920,true,false,true,false,true,false,true,true,true,true,
/services/,1920x1080,200,,1,false,1920,true,false,true,false,true,false,true,true,true,true,
/service-areas/,1920x1080,200,,1,false,1920,true,false,true,false,true,false,true,true,true,true,
/services/pre-purchase-rental-electrical-inspections-sydney/,1920x1080,200,,1,false,1920,true,false,true,false,true,false,true,true,true,true,
/services/hot-water-system-electrician-sydney/,1920x1080,200,,1,false,1920,true,false,true,false,true,false,true,true,true,true,
/services/split-system-air-conditioning-sydney/,1920x1080,200,,1,false,1920,true,false,true,false,true,false,true,true,true,true,
/services/switchboard-upgrades-sydney/,1920x1080,200,,1,false,1920,true,false,true,false,true,false,true,true,true,true,
/services/consumer-mains-sydney/,1920x1080,200,,1,false,1920,true,false,true,false,true,false,true,true,true,true,
/service-areas/canterbury-bankstown-and-inner-south-west/canterbury-bankstown/panania/,1920x1080,200,,1,false,1920,true,false,true,false,true,false,true,true,true,true,
/service-areas/sydney-city-and-eastern-suburbs/randwick/coogee/,1920x1080,200,,1,false,1920,true,false,true,false,true,false,true,true,true,true,
/service-areas/western-sydney-and-nepean/blacktown/blacktown/,1920x1080,200,,1,false,1920,true,false,true,false,true,false,true,true,true,true,
/privacy-policy/,1920x1080,200,,1,false,1920,true,false,true,false,true,false,true,true,true,true,
/terms/,1920x1080,200,,1,false,1920,true,false,true,false,true,false,true,true,true,true,
/404.html,1920x1080,200,,1,false,1920,true,false,true,false,true,false,true,true,true,true,
/,2560x1440,200,,1,false,2560,true,false,true,false,true,false,true,true,true,true,
/about/,2560x1440,200,,1,false,2560,true,false,true,false,true,false,true,true,true,true,
/contact/,2560x1440,200,,1,false,2560,true,false,true,false,true,false,true,true,true,true,
/solar-batteries/,2560x1440,200,,1,false,2560,true,false,true,false,true,false,true,true,true,true,
/emergency-electrician-sydney/,2560x1440,200,,1,false,2560,true,false,true,false,true,false,true,true,true,true,
/level-2-electrician-sydney/,2560x1440,200,,1,false,2560,true,false,true,false,true,false,true,true,true,true,
/services/,2560x1440,200,,1,false,2560,true,false,true,false,true,false,true,true,true,true,
/service-areas/,2560x1440,200,,1,false,2560,true,false,true,false,true,false,true,true,true,true,
/services/pre-purchase-rental-electrical-inspections-sydney/,2560x1440,200,,1,false,2560,true,false,true,false,true,false,true,true,true,true,
/services/hot-water-system-electrician-sydney/,2560x1440,200,,1,false,2560,true,false,true,false,true,false,true,true,true,true,
/services/split-system-air-conditioning-sydney/,2560x1440,200,,1,false,2560,true,false,true,false,true,false,true,true,true,true,
/services/switchboard-upgrades-sydney/,2560x1440,200,,1,false,2560,true,false,true,false,true,false,true,true,true,true,
/services/consumer-mains-sydney/,2560x1440,200,,1,false,2560,true,false,true,false,true,false,true,true,true,true,
/service-areas/canterbury-bankstown-and-inner-south-west/canterbury-bankstown/panania/,2560x1440,200,,1,false,2560,true,false,true,false,true,false,true,true,true,true,
/service-areas/sydney-city-and-eastern-suburbs/randwick/coogee/,2560x1440,200,,1,false,2560,true,false,true,false,true,false,true,true,true,true,
/service-areas/western-sydney-and-nepean/blacktown/blacktown/,2560x1440,200,,1,false,2560,true,false,true,false,true,false,true,true,true,true,
/privacy-policy/,2560x1440,200,,1,false,2560,true,false,true,false,true,false,true,true,true,true,
/terms/,2560x1440,200,,1,false,2560,true,false,true,false,true,false,true,true,true,true,
/404.html,2560x1440,200,,1,false,2560,true,false,true,false,true,false,true,true,true,true,
